"Request_ID","Student_ID","Advisor_ID","Appt_Type","Request_Date","Appt_Date","Wait_Time_Days","Satisfaction_Score"
1221,8739,5,"General",2025-08-01,2025-08-13,12,2.23297900820292
1247,6405,4,"Financial Aid",2025-08-01,2025-08-16,15,1
1512,6602,1,"General",2025-08-01,2025-08-12,11,2.59201631214897
1667,6272,6,"Career",2025-08-01,2025-08-14,13,2.33202552918804
1756,5721,5,"General",2025-08-01,2025-08-11,10,3.97593556680316
1799,7721,2,"Career",2025-08-01,2025-08-12,11,3.62584577930243
1836,8760,3,"General",2025-08-01,2025-08-14,13,1.54241073583184
1883,7018,4,"General",2025-08-01,2025-08-13,12,2.24185818482803
1942,5237,1,"Career",2025-08-01,2025-08-11,10,3.76959777376706
2035,6134,2,"Career",2025-08-01,2025-08-14,13,1
2071,5152,2,"International",2025-08-01,2025-08-12,11,3.24567549312232
2161,8015,6,"General",2025-08-01,2025-08-14,13,2.15796535253175
2170,6693,1,"General",2025-08-01,2025-08-12,11,1
2198,5416,5,"General",2025-08-01,2025-08-11,10,2.35683036473297
2215,8173,2,"General",2025-08-01,2025-08-12,11,2.50486800240724
2254,6788,4,"Career",2025-08-01,2025-08-12,11,5.43449495249227
2263,8477,3,"Career",2025-08-01,2025-08-14,13,2.56016757550197
2293,8131,3,"International",2025-08-01,2025-08-16,15,1
2392,6478,4,"Career",2025-08-01,2025-08-13,12,2.1552916770283
1171,5798,6,"General",2025-08-02,2025-08-12,10,4.19188833432788
1193,8649,3,"Career",2025-08-02,2025-08-14,12,1
1203,5161,1,"General",2025-08-02,2025-08-13,11,3.79580494938654
1245,6292,1,"Financial Aid",2025-08-02,2025-08-13,11,1
1494,5842,4,"General",2025-08-02,2025-08-17,15,1
1640,5825,1,"General",2025-08-02,2025-08-14,12,1
1659,7173,5,"General",2025-08-02,2025-08-14,12,4.19255845534622
1704,5863,6,"Financial Aid",2025-08-02,2025-08-17,15,1
1744,6034,3,"General",2025-08-02,2025-08-15,13,2.19198238711083
1780,6009,4,"General",2025-08-02,2025-08-13,11,3.93356916487192
1913,6376,1,"Career",2025-08-02,2025-08-15,13,1
2043,8462,5,"Career",2025-08-02,2025-08-12,10,2.47232758090357
2273,7608,1,"Financial Aid",2025-08-02,2025-08-14,12,2.20351731029118
2282,5405,4,"International",2025-08-02,2025-08-16,14,1
2342,8158,6,"International",2025-08-02,2025-08-15,13,1
2423,8209,3,"International",2025-08-02,2025-08-15,13,1
1007,5633,4,"General",2025-08-03,2025-08-13,10,2.5673044506697
1181,7811,3,"International",2025-08-03,2025-08-18,15,1
1495,6413,4,"Career",2025-08-03,2025-08-18,15,1
1549,6191,3,"Career",2025-08-03,2025-08-15,12,3.56144889066655
1648,5750,3,"General",2025-08-03,2025-08-16,13,1
1716,6335,3,"General",2025-08-03,2025-08-15,12,2.66112061275236
1800,8519,2,"Financial Aid",2025-08-03,2025-08-17,14,1
1882,5488,6,"General",2025-08-03,2025-08-14,11,2.37662824709186
1899,5029,5,"General",2025-08-03,2025-08-17,14,1
1952,5070,5,"General",2025-08-03,2025-08-14,11,2.65590394114366
2102,5373,4,"General",2025-08-03,2025-08-14,11,1.1063045315755
2291,6686,3,"Financial Aid",2025-08-03,2025-08-18,15,1
2319,7974,5,"General",2025-08-03,2025-08-16,13,2.35033587802376
2401,6325,3,"Career",2025-08-03,2025-08-13,10,2.33213101534164
2479,7523,1,"General",2025-08-03,2025-08-13,10,2.60868610668923
2492,6416,5,"General",2025-08-03,2025-08-18,15,1
1108,8043,3,"Career",2025-08-04,2025-08-19,15,1.52716013559079
1121,6781,5,"Career",2025-08-04,2025-08-18,14,1.58929223813472
1168,7805,2,"Career",2025-08-04,2025-08-19,15,1
1249,8134,2,"Career",2025-08-04,2025-08-16,12,2.16350717938841
1266,5704,5,"General",2025-08-04,2025-08-15,11,4.53492999071867
1318,8008,4,"International",2025-08-04,2025-08-16,12,1
1358,8497,1,"International",2025-08-04,2025-08-18,14,1.7179463281537
1387,8489,2,"General",2025-08-04,2025-08-18,14,1
1556,6142,3,"General",2025-08-04,2025-08-19,15,1
1643,7472,3,"International",2025-08-04,2025-08-15,11,1.91251114801815
1691,5614,3,"International",2025-08-04,2025-08-18,14,1
1712,6894,6,"General",2025-08-04,2025-08-15,11,1.91811088801558
1735,8772,4,"General",2025-08-04,2025-08-18,14,1
1828,5020,6,"General",2025-08-04,2025-08-16,12,2.6051027769422
1894,6689,4,"Career",2025-08-04,2025-08-19,15,1
1908,6949,6,"International",2025-08-04,2025-08-14,10,3.50982724658173
1960,8204,2,"Financial Aid",2025-08-04,2025-08-19,15,1
1980,8545,1,"General",2025-08-04,2025-08-19,15,1
2278,5658,3,"General",2025-08-04,2025-08-14,10,2.85037760259489
2292,5212,1,"Financial Aid",2025-08-04,2025-08-16,12,1
2398,7643,6,"Financial Aid",2025-08-04,2025-08-14,10,3.95584667418773
1138,6741,2,"General",2025-08-05,2025-08-19,14,1.12888982510299
1231,6578,1,"General",2025-08-05,2025-08-15,10,3.90290264676748
1265,6035,5,"General",2025-08-05,2025-08-18,13,1.26565098090881
1448,7178,4,"General",2025-08-05,2025-08-20,15,1
1661,7203,4,"International",2025-08-05,2025-08-20,15,1.62590062382107
1675,6956,4,"Financial Aid",2025-08-05,2025-08-16,11,2.94088684550681
1797,6171,6,"General",2025-08-05,2025-08-18,13,1
1966,7306,1,"General",2025-08-05,2025-08-18,13,1
2089,7237,4,"Financial Aid",2025-08-05,2025-08-15,10,1.91902232115383
2154,6760,1,"General",2025-08-05,2025-08-15,10,1.95224037950913
1091,8803,4,"General",2025-08-06,2025-08-16,10,3.08998648583152
1113,7449,1,"Financial Aid",2025-08-06,2025-08-17,11,3.02592687765015
1182,7830,3,"International",2025-08-06,2025-08-18,12,2.55473975891089
1339,8987,2,"General",2025-08-06,2025-08-21,15,1
1425,6077,1,"International",2025-08-06,2025-08-18,12,3.96006673717328
1490,8416,5,"Career",2025-08-06,2025-08-19,13,1
1532,5002,6,"General",2025-08-06,2025-08-18,12,1.071500705972
1569,7917,2,"General",2025-08-06,2025-08-20,14,1.48619195266673
1591,8529,3,"General",2025-08-06,2025-08-21,15,1
1607,5742,4,"Career",2025-08-06,2025-08-21,15,1
1668,5764,4,"Financial Aid",2025-08-06,2025-08-20,14,1.49764795051642
1710,5102,4,"General",2025-08-06,2025-08-21,15,1
1801,6300,3,"General",2025-08-06,2025-08-21,15,1.34301446093981
1871,5479,3,"Financial Aid",2025-08-06,2025-08-20,14,1
1909,5174,1,"General",2025-08-06,2025-08-18,12,2.07082955699204
1950,8779,3,"Career",2025-08-06,2025-08-19,13,1.7647295025263
1987,7738,1,"General",2025-08-06,2025-08-19,13,1
2025,6271,1,"International",2025-08-06,2025-08-16,10,5.25710807478648
2180,8681,5,"General",2025-08-06,2025-08-18,12,2.17818028571625
2237,7029,2,"Career",2025-08-06,2025-08-19,13,1.32323310848829
2290,6095,6,"Financial Aid",2025-08-06,2025-08-18,12,1.95352489432178
2400,6238,4,"General",2025-08-06,2025-08-18,12,1.44499825621602
2408,8173,3,"International",2025-08-06,2025-08-18,12,1
1043,8719,5,"Financial Aid",2025-08-07,2025-08-17,10,3.29323543668794
1209,5905,2,"General",2025-08-07,2025-08-22,15,1
1263,5740,3,"General",2025-08-07,2025-08-18,11,3.24871314931249
1281,6944,1,"Financial Aid",2025-08-07,2025-08-18,11,5.68438207862555
1282,8586,3,"General",2025-08-07,2025-08-17,10,2.75338672562737
1289,7652,3,"International",2025-08-07,2025-08-18,11,1.00502762984558
1344,5731,6,"Career",2025-08-07,2025-08-21,14,1
1411,8429,2,"General",2025-08-07,2025-08-22,15,1
1429,7976,4,"General",2025-08-07,2025-08-20,13,1.89274008502287
1499,6215,1,"Career",2025-08-07,2025-08-22,15,1
1635,6789,4,"Financial Aid",2025-08-07,2025-08-22,15,1
1705,8970,3,"Career",2025-08-07,2025-08-20,13,2.07683926897763
1826,6725,5,"General",2025-08-07,2025-08-17,10,2.34528200740222
1834,7419,4,"Career",2025-08-07,2025-08-19,12,2.16215947010967
1924,8733,1,"General",2025-08-07,2025-08-19,12,2.73082739904821
1964,5488,2,"Financial Aid",2025-08-07,2025-08-19,12,2.90247963479626
1978,7579,3,"General",2025-08-07,2025-08-17,10,4.84188246914442
1995,6790,4,"International",2025-08-07,2025-08-18,11,3.19593920185893
2095,7058,3,"General",2025-08-07,2025-08-20,13,1.04353286349724
2131,5689,1,"General",2025-08-07,2025-08-21,14,1
2148,8957,1,"General",2025-08-07,2025-08-18,11,2.84793143050767
2159,7121,2,"Financial Aid",2025-08-07,2025-08-20,13,1.34140148113028
2184,6808,2,"Financial Aid",2025-08-07,2025-08-19,12,2.14505300602575
2339,8533,2,"General",2025-08-07,2025-08-22,15,2.0699728642321
2384,6499,3,"Financial Aid",2025-08-07,2025-08-20,13,1
1216,8056,4,"Financial Aid",2025-08-08,2025-08-19,11,1.79573727301661
1219,5077,3,"General",2025-08-08,2025-08-21,13,1
1400,6427,4,"General",2025-08-08,2025-08-22,14,1
1480,8058,1,"Career",2025-08-08,2025-08-18,10,4.47106410134504
1516,7684,2,"General",2025-08-08,2025-08-22,14,1
1542,7916,1,"Career",2025-08-08,2025-08-19,11,2.74212894743691
1560,8640,3,"Financial Aid",2025-08-08,2025-08-23,15,1
1613,5658,4,"Career",2025-08-08,2025-08-18,10,3.12160285607127
1622,5157,6,"Career",2025-08-08,2025-08-20,12,1.96333309593832
1630,5819,5,"Career",2025-08-08,2025-08-19,11,1.86073838194624
1634,7730,2,"General",2025-08-08,2025-08-18,10,3.47402085255077
1678,7280,3,"International",2025-08-08,2025-08-18,10,2.97043882433454
1779,5759,5,"General",2025-08-08,2025-08-22,14,1.85895129534358
1831,5958,6,"Financial Aid",2025-08-08,2025-08-19,11,1.60186197956711
1983,8045,2,"Financial Aid",2025-08-08,2025-08-22,14,1
2026,6828,2,"General",2025-08-08,2025-08-19,11,2.29949865725228
2032,8371,4,"Career",2025-08-08,2025-08-18,10,3.05297166143106
2046,7987,1,"General",2025-08-08,2025-08-22,14,1
2158,6295,3,"General",2025-08-08,2025-08-20,12,1
2190,8238,1,"General",2025-08-08,2025-08-18,10,3.74850247291903
2347,5431,2,"General",2025-08-08,2025-08-20,12,2.70352636151426
2427,8478,5,"Career",2025-08-08,2025-08-20,12,2.01054562332448
2473,8039,6,"General",2025-08-08,2025-08-23,15,1
1072,5649,5,"General",2025-08-09,2025-08-21,12,2.10834929167382
1087,8618,2,"Career",2025-08-09,2025-08-19,10,3.64288557875931
1179,8589,3,"General",2025-08-09,2025-08-21,12,2.53341637690484
1199,7154,3,"Financial Aid",2025-08-09,2025-08-20,11,1.47370101450008
1232,8763,1,"Career",2025-08-09,2025-08-19,10,1.77517276291641
1320,7287,3,"General",2025-08-09,2025-08-21,12,2.14293288964627
1347,7504,1,"General",2025-08-09,2025-08-24,15,1
1423,6401,5,"Career",2025-08-09,2025-08-23,14,1
1460,5093,1,"Financial Aid",2025-08-09,2025-08-21,12,1.02626205353863
1540,8667,5,"General",2025-08-09,2025-08-22,13,1
1620,6884,5,"Financial Aid",2025-08-09,2025-08-19,10,2.90862788639411
1621,8575,5,"Career",2025-08-09,2025-08-22,13,1
1644,7299,3,"International",2025-08-09,2025-08-24,15,1
1946,5568,5,"General",2025-08-09,2025-08-19,10,3.09657597003096
2010,6533,6,"Career",2025-08-09,2025-08-24,15,1
2096,6882,6,"International",2025-08-09,2025-08-24,15,1
2115,6066,6,"Financial Aid",2025-08-09,2025-08-23,14,1.96192376645295
2155,6794,3,"Career",2025-08-09,2025-08-23,14,1.30869223417759
2431,8162,2,"Career",2025-08-09,2025-08-21,12,1.96160862510923
2498,5391,1,"General",2025-08-09,2025-08-23,14,1.14694023218781
1010,6326,5,"General",2025-08-10,2025-08-23,13,1
1020,6902,5,"General",2025-08-10,2025-08-23,13,1
1041,7453,3,"General",2025-08-10,2025-08-25,15,1
1047,7193,2,"Financial Aid",2025-08-10,2025-08-25,15,1
1054,8426,3,"General",2025-08-10,2025-08-22,12,2.1345976104441
1062,7437,2,"General",2025-08-10,2025-08-24,14,1.32058397610581
1067,8476,2,"General",2025-08-10,2025-08-20,10,2.77190539162664
1151,6692,5,"General",2025-08-10,2025-08-22,12,2.79374688062298
1164,8517,1,"Financial Aid",2025-08-10,2025-08-25,15,1
1252,8699,4,"International",2025-08-10,2025-08-20,10,3.02846905987615
1404,7253,2,"General",2025-08-10,2025-08-20,10,5.02164183773839
1445,5334,6,"General",2025-08-10,2025-08-21,11,2.92526688734243
1520,7749,2,"Career",2025-08-10,2025-08-22,12,3.6135956065458
1522,8233,3,"General",2025-08-10,2025-08-24,14,1
1525,7040,1,"International",2025-08-10,2025-08-20,10,3.4326889109836
1580,8865,3,"International",2025-08-10,2025-08-24,14,1.78518937407878
1650,6056,1,"Career",2025-08-10,2025-08-22,12,2.39064258453545
1939,5822,4,"Career",2025-08-10,2025-08-21,11,3.39410553596085
1992,8206,3,"General",2025-08-10,2025-08-24,14,1
2041,7408,3,"Financial Aid",2025-08-10,2025-08-21,11,3.2406564646329
2189,5007,3,"International",2025-08-10,2025-08-20,10,3.86935017800616
2205,7481,6,"General",2025-08-10,2025-08-22,12,1.32536210071476
2211,6100,6,"International",2025-08-10,2025-08-22,12,4.12880146764338
2271,6706,3,"International",2025-08-10,2025-08-21,11,3.83020150270764
2371,8190,6,"Career",2025-08-10,2025-08-21,11,1.05953542589483
2376,8320,1,"International",2025-08-10,2025-08-24,14,2.32395930545036
2380,8153,2,"Financial Aid",2025-08-10,2025-08-21,11,2.85522693371828
2413,8497,3,"Financial Aid",2025-08-10,2025-08-25,15,1
1036,6321,1,"Career",2025-08-11,2025-08-26,15,1
1110,5099,5,"International",2025-08-11,2025-08-21,10,3.03368714865427
1146,7089,1,"Career",2025-08-11,2025-08-21,10,3.9093339212343
1206,6630,1,"General",2025-08-11,2025-08-26,15,1
1213,8108,2,"Financial Aid",2025-08-11,2025-08-22,11,2.44328430797366
1297,8644,3,"General",2025-08-11,2025-08-26,15,1.47616876096311
1357,6315,1,"General",2025-08-11,2025-08-21,10,3.25895402634023
1375,6974,4,"Career",2025-08-11,2025-08-22,11,3.7947196557689
1447,6270,5,"International",2025-08-11,2025-08-24,13,2.08441297518708
1449,6173,2,"General",2025-08-11,2025-08-24,13,1
1664,8535,5,"General",2025-08-11,2025-08-24,13,2.09787373141297
1679,5521,6,"General",2025-08-11,2025-08-22,11,3.65344632316387
1830,6386,5,"General",2025-08-11,2025-08-22,11,2.74150615286785
1961,5788,5,"Financial Aid",2025-08-11,2025-08-22,11,2.0467290715915
2066,6597,5,"Career",2025-08-11,2025-08-22,11,2.05732803696673
2171,7776,1,"International",2025-08-11,2025-08-26,15,1
2192,7963,6,"General",2025-08-11,2025-08-21,10,5.04386753726314
2374,5824,6,"General",2025-08-11,2025-08-24,13,1.29540353518803
2402,8858,2,"General",2025-08-11,2025-08-21,10,3.61109781336575
2416,8874,4,"General",2025-08-11,2025-08-23,12,1
2487,8089,3,"Career",2025-08-11,2025-08-24,13,1
1034,6337,1,"Career",2025-08-12,2025-08-23,11,4.0063671153278
1163,5298,6,"Career",2025-08-12,2025-08-26,14,1
1200,5316,4,"General",2025-08-12,2025-08-26,14,1
1306,6590,4,"General",2025-08-12,2025-08-22,10,3.85883454196486
1330,5147,5,"Financial Aid",2025-08-12,2025-08-27,15,1.33810130472274
1351,7162,4,"Career",2025-08-12,2025-08-22,10,2.42625188381684
1430,6646,2,"General",2025-08-12,2025-08-23,11,3.30485307630949
1446,8117,5,"Career",2025-08-12,2025-08-24,12,1.86232067635196
1459,7320,4,"General",2025-08-12,2025-08-22,10,2.35600858510205
1474,5828,4,"Financial Aid",2025-08-12,2025-08-23,11,2.62386008887637
1602,6778,5,"International",2025-08-12,2025-08-23,11,1.59033960640246
1628,5097,6,"Career",2025-08-12,2025-08-22,10,2.87450756178162
1752,7303,1,"General",2025-08-12,2025-08-23,11,3.47294540074569
1986,5477,1,"Career",2025-08-12,2025-08-25,13,1
2008,5691,4,"General",2025-08-12,2025-08-25,13,1
2093,6362,6,"General",2025-08-12,2025-08-22,10,3.92568717977931
2116,7496,3,"General",2025-08-12,2025-08-26,14,1.61448537959416
2142,5854,4,"Career",2025-08-12,2025-08-22,10,2.20410596469712
2251,8884,4,"General",2025-08-12,2025-08-24,12,1.34062655840601
2284,6607,3,"Career",2025-08-12,2025-08-22,10,3.92590302487871
2378,5466,6,"International",2025-08-12,2025-08-24,12,1
2383,6904,3,"General",2025-08-12,2025-08-23,11,1.89019735852727
2407,6985,1,"Financial Aid",2025-08-12,2025-08-25,13,1.3855328795373
2464,8533,6,"General",2025-08-12,2025-08-26,14,1
1129,7685,1,"Career",2025-08-13,2025-08-28,15,1
1197,7584,2,"General",2025-08-13,2025-08-27,14,1
1205,7753,1,"Career",2025-08-13,2025-08-24,11,1.95347016384556
1291,7131,5,"Career",2025-08-13,2025-08-26,13,2.22519449498428
1308,8070,6,"General",2025-08-13,2025-08-23,10,2.05372577426272
1406,6824,6,"Career",2025-08-13,2025-08-27,14,1
1432,8283,6,"General",2025-08-13,2025-08-23,10,3.04681836416902
1498,6677,6,"Career",2025-08-13,2025-08-26,13,1
1919,7139,3,"Career",2025-08-13,2025-08-28,15,1
2082,8750,6,"Career",2025-08-13,2025-08-25,12,1.89311773941154
2108,6980,2,"General",2025-08-13,2025-08-26,13,1
2113,8570,5,"Financial Aid",2025-08-13,2025-08-25,12,1.49603995982883
2126,6292,2,"Career",2025-08-13,2025-08-25,12,2.46996803105719
2208,6481,6,"Career",2025-08-13,2025-08-25,12,2.5288638770687
2305,6169,1,"Career",2025-08-13,2025-08-26,13,1.56733073275178
2390,7989,2,"Career",2025-08-13,2025-08-26,13,1.92880958233299
1334,8184,2,"Career",2025-08-14,2025-08-25,11,2.63499924983236
1553,7379,3,"Financial Aid",2025-08-14,2025-08-25,11,4.41331227478709
1598,7583,5,"General",2025-08-14,2025-08-28,14,1.04877725466263
1711,7577,5,"General",2025-08-14,2025-08-24,10,2.91760326913672
1731,5162,6,"General",2025-08-14,2025-08-25,11,3.30310853150699
1754,5688,2,"General",2025-08-14,2025-08-25,11,3.46444491611594
1813,8228,2,"Career",2025-08-14,2025-08-26,12,2.02056406024417
1827,7578,6,"Financial Aid",2025-08-14,2025-08-27,13,1.29519818484891
1843,7744,2,"General",2025-08-14,2025-08-25,11,3.63864046886085
2057,5577,4,"General",2025-08-14,2025-08-24,10,2.21913492149642
2061,6788,5,"International",2025-08-14,2025-08-25,11,2.61975865312487
2083,5069,6,"Financial Aid",2025-08-14,2025-08-25,11,5.07918058796434
2090,6815,5,"Career",2025-08-14,2025-08-28,14,3.46990911770397
2202,5847,3,"General",2025-08-14,2025-08-29,15,1
2223,6207,4,"Financial Aid",2025-08-14,2025-08-29,15,1.36669303018176
2242,7899,3,"International",2025-08-14,2025-08-27,13,1
2262,8061,3,"Career",2025-08-14,2025-08-29,15,1
2266,8246,2,"General",2025-08-14,2025-08-25,11,2.28389505261871
2417,6111,1,"International",2025-08-14,2025-08-29,15,1
2426,8992,4,"General",2025-08-14,2025-08-27,13,2.62131969206935
1187,5253,1,"Career",2025-08-15,2025-08-26,11,2.56336945907591
1225,7530,2,"Career",2025-08-15,2025-08-29,14,1
1390,8358,1,"General",2025-08-15,2025-08-26,11,2.7667910653693
1435,6845,6,"International",2025-08-15,2025-08-25,10,4.5610861854541
1461,7377,3,"Career",2025-08-15,2025-08-27,12,2.05698542525514
1551,7543,3,"Financial Aid",2025-08-15,2025-08-27,12,2.36418026067266
1558,5726,3,"General",2025-08-15,2025-08-28,13,2.25399453452158
1561,5026,2,"International",2025-08-15,2025-08-26,11,2.81091266856876
1651,8978,1,"Financial Aid",2025-08-15,2025-08-26,11,1.9350304018781
1684,5986,2,"International",2025-08-15,2025-08-29,14,1.87337300141653
1698,5684,5,"General",2025-08-15,2025-08-30,15,1.21829988579871
1757,7874,2,"Career",2025-08-15,2025-08-29,14,2.25693130875446
1864,7303,2,"Financial Aid",2025-08-15,2025-08-26,11,2.6827534796591
1931,9000,1,"Career",2025-08-15,2025-08-27,12,1.23357241145568
2269,5619,2,"Financial Aid",2025-08-15,2025-08-25,10,3.26172139378019
1027,7014,5,"General",2025-08-16,2025-08-26,10,4.18600303691949
1045,5835,5,"Career",2025-08-16,2025-08-30,14,1.0783853963488
1051,6539,5,"General",2025-08-16,2025-08-29,13,1.26352429269299
1101,5913,5,"Financial Aid",2025-08-16,2025-08-27,11,2.88139925787719
1116,8252,2,"General",2025-08-16,2025-08-26,10,2.29783740284509
1207,6567,4,"General",2025-08-16,2025-08-29,13,1
1222,8961,5,"Financial Aid",2025-08-16,2025-08-30,14,1.06972178480558
1224,8812,1,"General",2025-08-16,2025-08-30,14,2.14524205302347
1227,8545,5,"Career",2025-08-16,2025-08-29,13,1.16526359302153
1340,8697,1,"International",2025-08-16,2025-08-28,12,1
1388,6818,2,"Financial Aid",2025-08-16,2025-08-29,13,1
1437,8782,5,"Career",2025-08-16,2025-08-28,12,1
1546,5707,4,"General",2025-08-16,2025-08-30,14,1.20725028355688
1641,7838,2,"International",2025-08-16,2025-08-26,10,4.18772040616079
1720,5752,5,"Career",2025-08-16,2025-08-26,10,3.86041407653911
1758,6653,4,"General",2025-08-16,2025-08-28,12,1
1761,5038,2,"General",2025-08-16,2025-08-26,10,4.32593496073973
1807,5746,3,"Financial Aid",2025-08-16,2025-08-26,10,3.10156009220952
1829,8050,3,"General",2025-08-16,2025-08-29,13,2.39680891379393
1856,5808,1,"General",2025-08-16,2025-08-31,15,1
1949,8899,1,"General",2025-08-16,2025-08-30,14,1
2194,8829,2,"General",2025-08-16,2025-08-28,12,1.18568619574755
2350,6478,3,"General",2025-08-16,2025-08-28,12,1
2353,7254,4,"Financial Aid",2025-08-16,2025-08-27,11,3.04296577933218
2436,6496,4,"General",2025-08-16,2025-08-31,15,1
1061,5261,6,"General",2025-08-17,2025-09-01,15,1
1107,5148,1,"General",2025-08-17,2025-09-01,15,2.09439070113816
1115,7828,1,"Financial Aid",2025-08-17,2025-08-28,11,2.96414383498145
1118,7898,3,"Career",2025-08-17,2025-08-30,13,1.44686528389498
1132,6135,3,"General",2025-08-17,2025-09-01,15,1
1161,8575,6,"General",2025-08-17,2025-08-27,10,2.97939278177276
1259,8719,4,"Career",2025-08-17,2025-09-01,15,1
1342,5168,3,"Career",2025-08-17,2025-08-30,13,1.0495194184416
1356,6236,5,"Financial Aid",2025-08-17,2025-08-27,10,2.32979973287983
1363,5624,5,"General",2025-08-17,2025-08-28,11,1.42398095033181
1398,7803,2,"General",2025-08-17,2025-08-31,14,1
1618,6709,6,"Career",2025-08-17,2025-08-27,10,2.41057670487685
1671,8173,1,"General",2025-08-17,2025-08-29,12,1.03654707314396
1715,7590,2,"General",2025-08-17,2025-08-29,12,2.03805869810862
1737,5489,1,"General",2025-08-17,2025-08-27,10,2.02494597886452
1796,8613,4,"General",2025-08-17,2025-08-31,14,1
1842,5419,4,"General",2025-08-17,2025-08-27,10,1.60113451924567
1898,7919,4,"Financial Aid",2025-08-17,2025-08-27,10,2.84984889733619
1959,7213,3,"General",2025-08-17,2025-09-01,15,1
1985,6749,2,"Financial Aid",2025-08-17,2025-08-28,11,3.35635189683816
2012,7242,2,"Career",2025-08-17,2025-08-30,13,1.97160193475694
2349,6326,1,"General",2025-08-17,2025-08-31,14,1
2411,5393,1,"General",2025-08-17,2025-09-01,15,1
2482,6225,5,"Career",2025-08-17,2025-08-30,13,1
1095,5987,4,"International",2025-08-18,2025-08-29,11,2.22986555970372
1139,6924,5,"General",2025-08-18,2025-08-29,11,1.31432790146172
1156,8920,3,"General",2025-08-18,2025-09-02,15,1
1230,8564,1,"Career",2025-08-18,2025-08-29,11,2.75627628298294
1497,5196,5,"General",2025-08-18,2025-09-01,14,1
1608,7242,5,"General",2025-08-18,2025-08-31,13,2.32401258922532
1633,5426,4,"Financial Aid",2025-08-18,2025-09-01,14,1
1734,6055,6,"International",2025-08-18,2025-08-29,11,3.42025084250083
1798,6842,6,"General",2025-08-18,2025-09-02,15,1
1914,8562,2,"General",2025-08-18,2025-08-29,11,2.27422260899881
2087,8742,2,"Financial Aid",2025-08-18,2025-08-29,11,2.12493126399245
2229,7213,4,"Career",2025-08-18,2025-09-02,15,1
2366,6818,2,"General",2025-08-18,2025-08-29,11,2.82215733125433
2439,6499,4,"Financial Aid",2025-08-18,2025-08-31,13,1
2472,5745,3,"General",2025-08-18,2025-08-30,12,1.67221057007702
1001,7608,2,"General",2025-08-19,2025-08-30,11,2.64540268377332
1057,5944,3,"General",2025-08-19,2025-09-02,14,2.05467043308236
1094,6348,3,"Career",2025-08-19,2025-09-03,15,1
1109,6592,6,"Career",2025-08-19,2025-09-02,14,1
1135,5950,3,"General",2025-08-19,2025-08-30,11,2.79098111100496
1137,6164,2,"Financial Aid",2025-08-19,2025-09-02,14,1
1294,8957,6,"Career",2025-08-19,2025-08-30,11,1.64076831915984
1316,5152,5,"General",2025-08-19,2025-08-30,11,1.19666709939864
1341,7297,2,"General",2025-08-19,2025-08-31,12,1
1361,7485,2,"Financial Aid",2025-08-19,2025-09-03,15,1
1372,6225,4,"Financial Aid",2025-08-19,2025-08-31,12,3.28361013890929
1409,8372,1,"Career",2025-08-19,2025-08-29,10,1.3169928824982
1581,8833,1,"Career",2025-08-19,2025-09-01,13,2.6045368221196
1638,6140,5,"General",2025-08-19,2025-08-30,11,3.28369512694282
1707,5175,1,"International",2025-08-19,2025-08-29,10,4.61625806174145
1709,5140,2,"Career",2025-08-19,2025-08-31,12,1.50465197033362
1832,7539,4,"General",2025-08-19,2025-09-03,15,1
1893,6173,6,"International",2025-08-19,2025-09-02,14,2.29202805678065
2132,7697,3,"General",2025-08-19,2025-08-31,12,1.46935489868806
2256,6329,5,"General",2025-08-19,2025-08-30,11,1.62296299408103
2312,8505,6,"Career",2025-08-19,2025-08-29,10,3.94786193309096
2387,6696,3,"Financial Aid",2025-08-19,2025-09-01,13,1
2442,5352,6,"General",2025-08-19,2025-09-03,15,1
2460,8371,2,"General",2025-08-19,2025-08-30,11,1
2489,7997,2,"Financial Aid",2025-08-19,2025-09-03,15,1.22156104200952
2493,5124,5,"General",2025-08-19,2025-08-30,11,1.9253151881589
1006,8217,2,"International",2025-08-20,2025-08-31,11,1.36427196273731
1142,7959,2,"Career",2025-08-20,2025-09-02,13,1.68762421227268
1214,6161,5,"General",2025-08-20,2025-09-04,15,1.0711772052713
1239,7915,3,"General",2025-08-20,2025-09-04,15,1
1393,5867,5,"International",2025-08-20,2025-09-01,12,3.9605175826273
1395,7868,4,"General",2025-08-20,2025-09-02,13,1.24891717770967
1456,5081,3,"General",2025-08-20,2025-09-04,15,1
1472,5472,4,"General",2025-08-20,2025-09-03,14,1
1511,5131,5,"General",2025-08-20,2025-08-31,11,2.80948792108576
1666,6159,4,"Financial Aid",2025-08-20,2025-08-30,10,4.70511700489465
1786,7315,6,"General",2025-08-20,2025-08-30,10,4.52817267971758
1817,8286,6,"General",2025-08-20,2025-09-03,14,1
1941,5545,1,"Financial Aid",2025-08-20,2025-09-01,12,2.45551446177985
2005,6168,3,"General",2025-08-20,2025-09-02,13,1
2125,5719,4,"Career",2025-08-20,2025-09-03,14,1.29008639408685
2176,5235,1,"Financial Aid",2025-08-20,2025-09-04,15,1
2236,6744,4,"General",2025-08-20,2025-09-02,13,2.79051539782717
2386,6353,2,"General",2025-08-20,2025-09-01,12,2.82593404242461
2468,8549,2,"Financial Aid",2025-08-20,2025-09-02,13,1
1131,7489,6,"General",2025-08-21,2025-09-02,12,1
1253,6792,5,"General",2025-08-21,2025-09-01,11,4.4119200621517
1287,6787,1,"Financial Aid",2025-08-21,2025-09-01,11,2.00356687484665
1426,7561,4,"General",2025-08-21,2025-09-01,11,2.91088429815559
1433,7794,4,"International",2025-08-21,2025-09-05,15,1
1557,5618,6,"General",2025-08-21,2025-09-02,12,4.96350380100245
1636,8097,4,"Financial Aid",2025-08-21,2025-08-31,10,3.76160960987166
1762,7028,2,"Career",2025-08-21,2025-09-01,11,1.20079951358248
1907,5832,2,"General",2025-08-21,2025-09-04,14,1
1970,5812,1,"General",2025-08-21,2025-09-03,13,1.75417002690973
1979,6456,4,"Financial Aid",2025-08-21,2025-09-02,12,1.50174638053911
2059,7724,5,"Financial Aid",2025-08-21,2025-09-01,11,2.85236210574113
2075,8930,2,"Financial Aid",2025-08-21,2025-09-01,11,5.18239061195213
2085,5411,6,"General",2025-08-21,2025-09-05,15,1.21233507629006
2094,7643,3,"Financial Aid",2025-08-21,2025-09-01,11,3.30963707791953
2162,5982,4,"General",2025-08-21,2025-09-01,11,2.41492961790935
2164,7312,6,"General",2025-08-21,2025-09-04,14,1
2259,8085,2,"General",2025-08-21,2025-08-31,10,2.77364430066772
2270,6267,2,"Career",2025-08-21,2025-08-31,10,3.10481383140998
2326,6936,5,"Career",2025-08-21,2025-09-03,13,2.75614582435956
2389,8084,5,"General",2025-08-21,2025-09-04,14,1
1049,6371,4,"General",2025-08-22,2025-09-01,10,4.0319250175818
1076,5944,3,"Financial Aid",2025-08-22,2025-09-05,14,1
1093,8053,1,"Career",2025-08-22,2025-09-05,14,1
1270,6886,3,"General",2025-08-22,2025-09-03,12,1
1359,8285,6,"General",2025-08-22,2025-09-04,13,1.89902338740364
1462,5932,3,"General",2025-08-22,2025-09-06,15,1
1585,6870,3,"General",2025-08-22,2025-09-06,15,1
1590,6733,6,"International",2025-08-22,2025-09-05,14,2.04171178642677
1673,8961,1,"Financial Aid",2025-08-22,2025-09-01,10,1
1732,8763,4,"General",2025-08-22,2025-09-05,14,1
1838,7674,3,"General",2025-08-22,2025-09-01,10,4.16477888630491
1947,7870,2,"General",2025-08-22,2025-09-02,11,2.07230000469726
1990,6184,2,"General",2025-08-22,2025-09-03,12,2.92004854398798
2136,7145,5,"General",2025-08-22,2025-09-04,13,1.87867148050274
2222,8250,5,"Financial Aid",2025-08-22,2025-09-06,15,1.4459148968792
2357,6377,1,"Financial Aid",2025-08-22,2025-09-03,12,1.5705994633974
2428,6215,2,"General",2025-08-22,2025-09-01,10,3.49534348304961
1008,7096,6,"Financial Aid",2025-08-23,2025-09-05,13,1
1070,6893,2,"General",2025-08-23,2025-09-07,15,1
1149,6274,6,"Financial Aid",2025-08-23,2025-09-03,11,1.86236937425411
1178,5606,6,"General",2025-08-23,2025-09-05,13,2.25635536683389
1244,5061,5,"Career",2025-08-23,2025-09-07,15,1
1399,5980,1,"International",2025-08-23,2025-09-03,11,4.1514429732563
1491,6281,6,"Financial Aid",2025-08-23,2025-09-03,11,3.17646365172664
1502,6216,6,"Career",2025-08-23,2025-09-07,15,1
1722,5706,3,"Career",2025-08-23,2025-09-06,14,1
1803,8070,6,"International",2025-08-23,2025-09-06,14,2.29369743592919
1837,8907,6,"International",2025-08-23,2025-09-05,13,2.43996515014728
1851,6721,4,"Career",2025-08-23,2025-09-03,11,3.96442157172687
1917,5909,1,"General",2025-08-23,2025-09-02,10,2.80284533420711
2295,7142,4,"General",2025-08-23,2025-09-06,14,1.25309305131423
2296,8060,3,"General",2025-08-23,2025-09-03,11,1.19835995545521
2337,8259,3,"Financial Aid",2025-08-23,2025-09-03,11,1.80445203449182
1030,8283,6,"International",2025-08-24,2025-09-05,12,1
1037,7071,3,"General",2025-08-24,2025-09-08,15,1
1058,8316,5,"Career",2025-08-24,2025-09-04,11,1.96702089053411
1100,6904,2,"General",2025-08-24,2025-09-03,10,3.34299616635137
1147,5759,3,"Career",2025-08-24,2025-09-08,15,1
1261,8279,5,"General",2025-08-24,2025-09-06,13,1.26386241856387
1343,5906,4,"Career",2025-08-24,2025-09-04,11,3.54408136069622
1368,5916,2,"General",2025-08-24,2025-09-07,14,1
1370,8630,2,"International",2025-08-24,2025-09-06,13,2.44704057226525
1407,5604,5,"International",2025-08-24,2025-09-04,11,2.42202284655844
1475,6254,4,"International",2025-08-24,2025-09-04,11,4.30051107508999
1503,6448,5,"Career",2025-08-24,2025-09-08,15,1
1681,6211,1,"International",2025-08-24,2025-09-04,11,1.20451449810647
1689,8139,5,"Financial Aid",2025-08-24,2025-09-06,13,1
1855,8299,6,"Career",2025-08-24,2025-09-08,15,1
1972,8868,5,"General",2025-08-24,2025-09-05,12,1.99215604437177
2064,5323,4,"Career",2025-08-24,2025-09-06,13,1
2151,7361,1,"Financial Aid",2025-08-24,2025-09-08,15,1
2240,8178,3,"International",2025-08-24,2025-09-08,15,1.05585696137757
2253,8572,4,"General",2025-08-24,2025-09-03,10,3.27434965614019
2261,7400,3,"Financial Aid",2025-08-24,2025-09-03,10,3.72003796159143
2279,6193,2,"General",2025-08-24,2025-09-04,11,3.56779248270346
2345,8892,4,"General",2025-08-24,2025-09-07,14,2.09242871716476
2355,6029,1,"General",2025-08-24,2025-09-08,15,1
2462,5519,6,"Financial Aid",2025-08-24,2025-09-08,15,1
2478,6788,5,"General",2025-08-24,2025-09-08,15,1.22446073468128
1302,7969,1,"General",2025-08-25,2025-09-05,11,3.08089482240193
1419,5927,5,"Career",2025-08-25,2025-09-06,12,1.66283620841582
1531,8245,4,"Career",2025-08-25,2025-09-08,14,1.13443567570732
1545,6773,2,"General",2025-08-25,2025-09-07,13,1
1714,7180,5,"Career",2025-08-25,2025-09-07,13,1.41437590442741
1795,8559,5,"Career",2025-08-25,2025-09-07,13,1.66988043926825
1839,8392,1,"Career",2025-08-25,2025-09-07,13,1
2017,6992,3,"Career",2025-08-25,2025-09-05,11,1.93959223230611
2065,7129,4,"General",2025-08-25,2025-09-08,14,1.35277016580278
2134,7665,2,"Financial Aid",2025-08-25,2025-09-04,10,4.31944284939143
2150,7474,6,"Career",2025-08-25,2025-09-05,11,3.09121243749131
2234,7548,5,"General",2025-08-25,2025-09-07,13,1
2238,5384,4,"General",2025-08-25,2025-09-06,12,1.18612978078152
2308,8668,5,"General",2025-08-25,2025-09-07,13,1.68308586370536
2365,8290,6,"International",2025-08-25,2025-09-05,11,3.65460875771981
1084,8027,6,"Career",2025-08-26,2025-09-05,10,2.6744222438871
1134,8356,3,"General",2025-08-26,2025-09-09,14,1
1148,6888,1,"General",2025-08-26,2025-09-05,10,2.98932324310836
1170,5753,4,"General",2025-08-26,2025-09-08,13,1
1346,8433,3,"Financial Aid",2025-08-26,2025-09-06,11,3.74177146798597
1379,6716,5,"General",2025-08-26,2025-09-06,11,5.14813383329896
1487,7665,3,"Financial Aid",2025-08-26,2025-09-08,13,1.67202175930199
1544,7716,6,"International",2025-08-26,2025-09-05,10,1.97745996327024
1595,7551,6,"General",2025-08-26,2025-09-05,10,1.91047557620009
1603,8074,1,"General",2025-08-26,2025-09-06,11,1.73560915367174
1617,7422,6,"International",2025-08-26,2025-09-10,15,1
1694,5711,2,"General",2025-08-26,2025-09-08,13,1.59265896247564
1820,7422,2,"General",2025-08-26,2025-09-09,14,1
1865,6088,6,"General",2025-08-26,2025-09-10,15,1
1884,8735,4,"Financial Aid",2025-08-26,2025-09-06,11,1.76007765860651
1994,7583,4,"Career",2025-08-26,2025-09-09,14,1
2038,8778,5,"Career",2025-08-26,2025-09-05,10,5.26875145768374
2081,8752,5,"General",2025-08-26,2025-09-09,14,1
2109,5064,1,"General",2025-08-26,2025-09-08,13,1.2215106273835
2120,7114,4,"Career",2025-08-26,2025-09-05,10,2.9691164303137
2128,6399,6,"General",2025-08-26,2025-09-06,11,1.60348377654707
2137,8279,6,"Career",2025-08-26,2025-09-09,14,1
2227,6942,5,"General",2025-08-26,2025-09-06,11,3.26469019046001
2247,7173,3,"General",2025-08-26,2025-09-06,11,3.53427425086002
2320,8035,5,"Financial Aid",2025-08-26,2025-09-05,10,3.01606350711656
2324,5072,6,"General",2025-08-26,2025-09-09,14,1
2399,8314,5,"Career",2025-08-26,2025-09-07,12,1.43169181044859
1056,5726,5,"General",2025-08-27,2025-09-09,13,1
1092,8319,3,"Financial Aid",2025-08-27,2025-09-07,11,2.56761548014243
1097,8713,2,"General",2025-08-27,2025-09-08,12,1.89796799657476
1104,8431,1,"General",2025-08-27,2025-09-11,15,1
1141,5310,6,"General",2025-08-27,2025-09-10,14,1
1274,8269,4,"General",2025-08-27,2025-09-09,13,1
1422,5652,5,"General",2025-08-27,2025-09-08,12,1.31517176427335
1478,8187,2,"General",2025-08-27,2025-09-06,10,1.0517627076413
1505,6072,5,"International",2025-08-27,2025-09-06,10,4.26574311924628
1550,8158,1,"General",2025-08-27,2025-09-08,12,1.02323222882713
1592,6019,5,"Career",2025-08-27,2025-09-10,14,1
1639,5645,6,"Career",2025-08-27,2025-09-09,13,1
1782,6633,4,"Financial Aid",2025-08-27,2025-09-09,13,1
1876,5360,6,"Financial Aid",2025-08-27,2025-09-08,12,2.34759726135751
1912,6064,1,"Financial Aid",2025-08-27,2025-09-10,14,1.99234788984312
2003,7980,1,"Financial Aid",2025-08-27,2025-09-07,11,3.00896618513789
2067,7660,6,"Financial Aid",2025-08-27,2025-09-08,12,2.93935621537248
2156,5077,3,"General",2025-08-27,2025-09-11,15,1
2311,5249,4,"Financial Aid",2025-08-27,2025-09-09,13,1.543659689871
2354,8655,2,"Financial Aid",2025-08-27,2025-09-07,11,1.97187003945718
2430,5359,5,"General",2025-08-27,2025-09-09,13,2.6618741309801
2455,5076,5,"Financial Aid",2025-08-27,2025-09-07,11,2.8530632475111
1028,5620,3,"Financial Aid",2025-08-28,2025-09-10,13,1
1154,5702,6,"General",2025-08-28,2025-09-12,15,1
1158,7573,5,"General",2025-08-28,2025-09-09,12,3.9156947575424
1165,7767,4,"General",2025-08-28,2025-09-11,14,2.49662097338575
1271,7724,1,"General",2025-08-28,2025-09-09,12,3.65603502158494
1352,8944,3,"Career",2025-08-28,2025-09-11,14,1
1496,6822,5,"Financial Aid",2025-08-28,2025-09-08,11,3.18496834867108
1501,8630,2,"International",2025-08-28,2025-09-08,11,4.14840565945711
1548,7952,3,"General",2025-08-28,2025-09-10,13,1.87626411950592
1687,6237,4,"General",2025-08-28,2025-09-08,11,1
1858,5347,6,"General",2025-08-28,2025-09-10,13,1
1889,7331,3,"General",2025-08-28,2025-09-07,10,2.7221836392345
1953,6677,3,"General",2025-08-28,2025-09-09,12,3.13546690146871
2009,8096,2,"Financial Aid",2025-08-28,2025-09-12,15,1
2177,7835,5,"Financial Aid",2025-08-28,2025-09-11,14,1
2185,7391,4,"General",2025-08-28,2025-09-08,11,2.92408613279439
2276,6437,4,"Financial Aid",2025-08-28,2025-09-12,15,1
2343,7980,5,"Career",2025-08-28,2025-09-07,10,3.64259322651754
2438,5423,6,"General",2025-08-28,2025-09-07,10,2.74276263206629
2481,5093,5,"General",2025-08-28,2025-09-12,15,1
1074,5516,5,"General",2025-08-29,2025-09-08,10,2.42458302531328
1075,5032,2,"General",2025-08-29,2025-09-08,10,1.54048212599249
1484,8819,5,"International",2025-08-29,2025-09-13,15,1
1486,8613,3,"General",2025-08-29,2025-09-13,15,1
1594,6235,3,"International",2025-08-29,2025-09-09,11,3.170314392803
1626,7601,6,"Financial Aid",2025-08-29,2025-09-11,13,1
1794,8698,2,"General",2025-08-29,2025-09-08,10,3.2073904319162
1810,8111,4,"General",2025-08-29,2025-09-12,14,1
1936,7506,6,"General",2025-08-29,2025-09-08,10,3.37646891950719
1977,5481,3,"General",2025-08-29,2025-09-10,12,3.06262065677154
2033,8371,1,"Career",2025-08-29,2025-09-11,13,1.31731125942876
2105,7227,5,"General",2025-08-29,2025-09-13,15,1
2112,8332,1,"Financial Aid",2025-08-29,2025-09-11,13,1.14987807877148
2129,8838,2,"Career",2025-08-29,2025-09-13,15,1
2133,8661,2,"General",2025-08-29,2025-09-08,10,2.35306011387838
2322,7229,5,"General",2025-08-29,2025-09-11,13,1.30173540487983
2370,8920,5,"General",2025-08-29,2025-09-09,11,3.78190516019382
2394,5035,1,"Financial Aid",2025-08-29,2025-09-12,14,1.4475179798609
2410,7662,5,"Career",2025-08-29,2025-09-12,14,1
1021,5898,6,"Career",2025-08-30,2025-09-14,15,1
1024,6306,6,"General",2025-08-30,2025-09-13,14,1
1033,5258,2,"General",2025-08-30,2025-09-11,12,1.18982374153585
1106,7343,5,"General",2025-08-30,2025-09-12,13,2.12033579434215
1248,8195,2,"General",2025-08-30,2025-09-10,11,2.60130330887047
1764,5203,3,"Financial Aid",2025-08-30,2025-09-13,14,1
1781,7231,2,"International",2025-08-30,2025-09-10,11,2.77764899239205
1835,8974,1,"General",2025-08-30,2025-09-10,11,2.24025074170561
1911,6947,3,"General",2025-08-30,2025-09-13,14,3.10898784949651
1929,5874,3,"General",2025-08-30,2025-09-12,13,1
1967,5200,6,"Career",2025-08-30,2025-09-14,15,1
1996,8905,1,"International",2025-08-30,2025-09-12,13,1
2042,5767,6,"International",2025-08-30,2025-09-10,11,1
2069,8881,1,"General",2025-08-30,2025-09-11,12,1.27326304973997
2078,8990,4,"General",2025-08-30,2025-09-11,12,1
2104,7206,3,"General",2025-08-30,2025-09-13,14,1
2135,8318,4,"Career",2025-08-30,2025-09-13,14,1
2183,6789,6,"General",2025-08-30,2025-09-09,10,2.28423313312398
2203,8303,2,"General",2025-08-30,2025-09-09,10,2.12752745115375
2214,5308,6,"General",2025-08-30,2025-09-10,11,4.29424744700643
2297,8453,4,"General",2025-08-30,2025-09-13,14,1
2451,6086,3,"Financial Aid",2025-08-30,2025-09-11,12,2.663725523571
2483,5984,6,"Career",2025-08-30,2025-09-14,15,1
1014,6624,2,"General",2025-08-31,2025-09-12,12,1.72664036794134
1040,8982,5,"Career",2025-08-31,2025-09-13,13,1
1112,7345,6,"General",2025-08-31,2025-09-12,12,2.1453449290467
1150,8512,3,"General",2025-08-31,2025-09-12,12,1
1155,8615,1,"General",2025-08-31,2025-09-12,12,2.01440737367859
1174,6247,2,"International",2025-08-31,2025-09-14,14,1
1275,7959,2,"General",2025-08-31,2025-09-11,11,4.35204413516033
1362,6850,6,"General",2025-08-31,2025-09-10,10,1
1377,5397,3,"General",2025-08-31,2025-09-13,13,1
1405,6371,5,"General",2025-08-31,2025-09-10,10,4.10739673041616
1473,6369,4,"Financial Aid",2025-08-31,2025-09-13,13,2.00965244985718
1584,7540,3,"General",2025-08-31,2025-09-11,11,3.69277761922245
1840,8163,2,"Financial Aid",2025-08-31,2025-09-10,10,4.23852114500031
2000,8277,2,"Financial Aid",2025-08-31,2025-09-13,13,1
2138,5635,1,"General",2025-08-31,2025-09-12,12,1
2167,8749,3,"Career",2025-08-31,2025-09-13,13,1.37198318619653
2221,6216,5,"General",2025-08-31,2025-09-10,10,2.58647720725804
2316,7806,4,"International",2025-08-31,2025-09-11,11,2.12678549227223
2406,8522,2,"General",2025-08-31,2025-09-13,13,1.33694338840356
2420,8632,2,"Financial Aid",2025-08-31,2025-09-14,14,1
1025,5931,5,"International",2025-09-01,2025-09-03,2,6.96310299724632
1031,5859,4,"General",2025-09-01,2025-09-02,1,8.19474744434557
1102,5324,5,"Career",2025-09-01,2025-09-02,1,9.09257713615649
1117,6077,6,"General",2025-09-01,2025-09-05,4,7.10828900405747
1438,7674,1,"Career",2025-09-01,2025-09-03,2,7.30869758442979
2119,5593,5,"General",2025-09-01,2025-09-02,1,10.4753058194872
1773,7998,3,"General",2025-09-02,2025-09-05,3,9.37070051533561
2001,7192,4,"General",2025-09-02,2025-09-04,2,8.8584306260351
1818,8984,2,"Career",2025-09-03,2025-09-04,1,8.32344495198956
2011,5485,5,"General",2025-09-03,2025-09-04,1,8.95075406064709
1085,6800,6,"General",2025-09-04,2025-09-08,4,7.47179055265188
1086,6514,6,"General",2025-09-04,2025-09-08,4,7.80613757125783
1463,8500,2,"General",2025-09-04,2025-09-07,3,8.89027053545837
1483,8397,1,"Financial Aid",2025-09-04,2025-09-06,2,7.31936774392268
1578,5266,5,"Career",2025-09-04,2025-09-06,2,7.54695661551569
1805,6660,1,"General",2025-09-04,2025-09-06,2,7.3494932021527
1143,5473,6,"General",2025-09-05,2025-09-06,1,8.21910746924201
2143,8162,2,"Career",2025-09-05,2025-09-08,3,7.77841112559398
2186,7033,4,"General",2025-09-05,2025-09-06,1,9.8852936957898
2369,6597,2,"General",2025-09-05,2025-09-06,1,11.0090073213279
1385,7753,4,"General",2025-09-06,2025-09-10,4,6.560443687289
1582,8657,4,"Financial Aid",2025-09-06,2025-09-07,1,10.5748176642465
1988,6481,5,"Financial Aid",2025-09-06,2025-09-09,3,7.91622413799368
2117,8031,1,"Financial Aid",2025-09-06,2025-09-08,2,8.44548153560443
2486,8595,1,"International",2025-09-06,2025-09-08,2,8.42806423141829
1402,6248,2,"Financial Aid",2025-09-07,2025-09-09,2,8.30728857617147
1819,5235,5,"Career",2025-09-07,2025-09-09,2,8.84269239332751
1196,6121,1,"Financial Aid",2025-09-08,2025-09-11,3,6.81130944789489
1775,7144,2,"General",2025-09-08,2025-09-11,3,7.91306693053251
2018,5749,5,"International",2025-09-08,2025-09-09,1,8.85078917493499
1111,5998,6,"Career",2025-09-09,2025-09-11,2,10.8013458236299
1218,6570,2,"Financial Aid",2025-09-09,2025-09-13,4,6.89211049645101
1508,8840,1,"General",2025-09-09,2025-09-13,4,8.09408321702622
1703,5007,1,"General",2025-09-09,2025-09-11,2,9.2131027631265
1708,8658,4,"General",2025-09-09,2025-09-12,3,7.39350556399329
2381,8529,1,"General",2025-09-09,2025-09-12,3,8.13522098250929
1260,6150,3,"General",2025-09-10,2025-09-12,2,7.97887344334729
1325,6590,5,"General",2025-09-10,2025-09-14,4,6.80433229167275
1381,6545,5,"International",2025-09-10,2025-09-14,4,6.44924811215777
1333,6862,2,"General",2025-09-11,2025-09-15,4,6.99519439808728
1348,8966,2,"Financial Aid",2025-09-11,2025-09-15,4,6.23110318724069
1434,8336,2,"General",2025-09-11,2025-09-12,1,10.154874648371
1653,6708,5,"Financial Aid",2025-09-11,2025-09-14,3,8.72744312509006
1976,5016,6,"General",2025-09-11,2025-09-13,2,7.2570885472526
2100,8433,3,"General",2025-09-11,2025-09-14,3,9.75380763649807
2454,8605,2,"Financial Aid",2025-09-11,2025-09-15,4,7.80519785213881
1467,8145,3,"International",2025-09-12,2025-09-15,3,7.67802953630825
1645,6467,4,"General",2025-09-12,2025-09-16,4,8.14098993994141
2051,8374,6,"General",2025-09-12,2025-09-15,3,6.42983756833142
1417,6796,5,"Career",2025-09-13,2025-09-17,4,6.33930165215466
1910,6539,2,"Career",2025-09-13,2025-09-16,3,7.78178121622787
2063,6056,6,"Financial Aid",2025-09-14,2025-09-15,1,9.80827607130918
2283,6114,3,"Career",2025-09-14,2025-09-18,4,9.45203101421341
2452,5794,3,"General",2025-09-14,2025-09-17,3,8.55877046297368
1680,7426,4,"Financial Aid",2025-09-15,2025-09-16,1,9.52444137393057
2145,8745,5,"Financial Aid",2025-09-15,2025-09-17,2,6.93884095544243
1177,5293,6,"General",2025-09-16,2025-09-18,2,8.76761047214615
2118,7592,6,"International",2025-09-16,2025-09-17,1,7.58691467311922
2274,5280,3,"Career",2025-09-16,2025-09-18,2,9.30504954721165
2496,8847,1,"Career",2025-09-16,2025-09-19,3,7.68829437243194
1450,6084,4,"General",2025-09-17,2025-09-21,4,7.10023862115614
1746,8684,5,"General",2025-09-17,2025-09-20,3,8.63624826751456
1766,5162,6,"International",2025-09-17,2025-09-18,1,10.1464898239898
1937,6777,1,"Career",2025-09-17,2025-09-19,2,7.75862791532502
2412,5364,3,"General",2025-09-17,2025-09-19,2,7.84453450491313
1201,6981,6,"General",2025-09-18,2025-09-19,1,8.26373380830173
1353,6802,2,"Financial Aid",2025-09-18,2025-09-19,1,7.50634511471498
2480,5191,2,"General",2025-09-18,2025-09-22,4,8.25098611112168
1088,7780,5,"General",2025-09-19,2025-09-20,1,9.79652052231723
1313,6230,6,"International",2025-09-19,2025-09-23,4,7.19064693858842
1428,7434,4,"General",2025-09-19,2025-09-20,1,8.56599347693697
1471,6859,4,"General",2025-09-19,2025-09-22,3,8.84685337699716
1529,6562,6,"General",2025-09-19,2025-09-23,4,7.77894535359752
1571,6340,6,"Career",2025-09-19,2025-09-22,3,8.54022395677392
2391,8692,5,"General",2025-09-19,2025-09-21,2,8.26257634801285
2450,7454,1,"General",2025-09-19,2025-09-21,2,7.3147549759578
2500,7889,1,"General",2025-09-19,2025-09-22,3,6.45176205790205
1009,6151,5,"International",2025-09-20,2025-09-24,4,8.21324621262218
1881,5353,1,"Financial Aid",2025-09-20,2025-09-24,4,7.73674592413006
2193,5859,4,"Career",2025-09-20,2025-09-22,2,8.68107881601145
1338,6109,6,"Financial Aid",2025-09-21,2025-09-22,1,8.43798126321285
1468,7351,4,"Financial Aid",2025-09-21,2025-09-23,2,8.83433751087871
1759,5272,1,"General",2025-09-21,2025-09-22,1,8.66781740108236
2301,8738,6,"General",2025-09-21,2025-09-23,2,8.98118800861152
1264,7316,1,"Financial Aid",2025-09-22,2025-09-24,2,8.67417872655469
1285,5750,5,"General",2025-09-22,2025-09-25,3,7.79891445855331
1384,7084,3,"General",2025-09-22,2025-09-25,3,7.32524964443477
1647,6489,3,"International",2025-09-22,2025-09-25,3,9.63770111816644
1845,8036,2,"International",2025-09-22,2025-09-24,2,8.048733996007
1874,5510,2,"General",2025-09-22,2025-09-24,2,8.06265324609708
2265,8334,4,"General",2025-09-22,2025-09-26,4,8.48992600974364
2348,7795,5,"General",2025-09-22,2025-09-24,2,7.80326515136764
1048,8692,4,"General",2025-09-23,2025-09-27,4,7.1388821585895
1293,5463,4,"International",2025-09-23,2025-09-24,1,9.14447607881117
2037,6111,3,"General",2025-09-23,2025-09-24,1,9.69905965678391
1012,8910,2,"Career",2025-09-24,2025-09-25,1,10.9822638808401
1198,5347,5,"General",2025-09-24,2025-09-27,3,7.45731207329699
1787,6282,5,"General",2025-09-24,2025-09-25,1,9.15670130487367
1815,7837,4,"Career",2025-09-24,2025-09-28,4,5.27382783817753
1886,8617,3,"Financial Aid",2025-09-24,2025-09-26,2,8.03844512012751
2045,7518,3,"Financial Aid",2025-09-24,2025-09-28,4,5.80368453709568
2111,5889,1,"Financial Aid",2025-09-24,2025-09-26,2,9.3833553244365
2444,8584,6,"Career",2025-09-24,2025-09-26,2,9.51379506357221
1183,5545,6,"Career",2025-09-25,2025-09-26,1,8.99190715274374
1295,5983,3,"Career",2025-09-25,2025-09-26,1,8.47603687869409
1627,6778,1,"Financial Aid",2025-09-25,2025-09-29,4,7.93927540223425
2332,5650,3,"General",2025-09-25,2025-09-28,3,7.59343280704229
2344,5167,3,"General",2025-09-25,2025-09-27,2,10.5850256937783
1345,7597,1,"International",2025-09-26,2025-09-30,4,6.60775690988947
1355,7779,1,"International",2025-09-26,2025-09-30,4,7.33033207119852
1488,7150,1,"Career",2025-09-26,2025-09-30,4,5.27594309521938
2073,5013,2,"General",2025-09-26,2025-09-30,4,8.12301632942499
2152,5804,4,"Financial Aid",2025-09-26,2025-09-30,4,6.66733391502828
1597,6534,3,"General",2025-09-27,2025-09-28,1,8.97975180723546
1733,6647,5,"Financial Aid",2025-09-27,2025-10-01,4,7.88984631939254
1785,6449,6,"International",2025-09-27,2025-09-30,3,7.11464641418004
2231,5291,4,"International",2025-09-27,2025-10-01,4,6.88952738763048
2307,8783,2,"General",2025-09-27,2025-09-30,3,8.56457170564002
2441,6164,3,"General",2025-09-27,2025-09-29,2,8.66250553067282
1175,7821,3,"General",2025-09-28,2025-10-01,3,10.5796131208457
1376,7438,4,"International",2025-09-28,2025-10-02,4,7.51376595247466
1853,8681,2,"Career",2025-09-28,2025-10-02,4,6.14097134700102
2088,7137,3,"Career",2025-09-28,2025-09-30,2,8.50687675058556
2397,8768,4,"Career",2025-09-28,2025-10-02,4,7.15100666842531
2470,5449,5,"General",2025-09-28,2025-09-29,1,9.88265665133412
1482,7706,4,"General",2025-09-30,2025-10-03,3,4.59442175198891
1736,5565,2,"General",2025-09-30,2025-10-01,1,10.54023809565
2022,5038,6,"General",2025-09-30,2025-10-01,1,10.6937197796257
1018,7457,1,"General",2025-10-01,2025-10-10,9,4.20537589118933
1136,6536,4,"General",2025-10-01,2025-10-12,11,1.34356292705826
1324,7321,2,"Career",2025-10-01,2025-10-09,8,3.64158633222635
1441,5619,6,"Financial Aid",2025-10-01,2025-10-10,9,4.35812401414891
1605,6247,2,"General",2025-10-01,2025-10-11,10,3.81657455557429
1792,7990,6,"General",2025-10-01,2025-10-13,12,2.22932096278357
2030,6498,5,"General",2025-10-01,2025-10-08,7,6.65278099731058
2049,7271,4,"Career",2025-10-01,2025-10-09,8,3.64297106022982
2201,6554,6,"International",2025-10-01,2025-10-09,8,5.5562405558213
2220,7724,2,"Financial Aid",2025-10-01,2025-10-09,8,5.95754468899801
2367,5688,4,"Career",2025-10-01,2025-10-08,7,6.18965185709953
2474,8394,2,"Financial Aid",2025-10-01,2025-10-08,7,7.01892610811997
2497,5738,4,"General",2025-10-01,2025-10-10,9,5.14192437317591
1005,6251,2,"Career",2025-10-02,2025-10-11,9,4.46606177176125
1098,5081,1,"International",2025-10-02,2025-10-12,10,2.87373260147848
1114,5090,3,"International",2025-10-02,2025-10-13,11,3.09258174699711
1311,8492,3,"Career",2025-10-02,2025-10-11,9,3.51812801042076
1319,6933,1,"General",2025-10-02,2025-10-13,11,2.48912778099411
1424,8613,1,"General",2025-10-02,2025-10-09,7,7.16355637184365
1457,6234,2,"General",2025-10-02,2025-10-14,12,1
1518,7884,5,"General",2025-10-02,2025-10-10,8,4.54298219447747
1846,6689,2,"General",2025-10-02,2025-10-14,12,1.28246173318008
1847,5056,2,"Career",2025-10-02,2025-10-12,10,2.54263385057194
1857,7474,2,"Career",2025-10-02,2025-10-10,8,4.15589749248467
1873,6002,2,"General",2025-10-02,2025-10-11,9,3.74541646337014
1887,5983,4,"Financial Aid",2025-10-02,2025-10-10,8,5.00189659931038
2076,6097,1,"Career",2025-10-02,2025-10-14,12,2.29221366968945
2098,6350,6,"General",2025-10-02,2025-10-11,9,5.15921370321596
2110,5431,6,"Career",2025-10-02,2025-10-12,10,2.89758551293417
2146,8760,1,"Career",2025-10-02,2025-10-11,9,4.3023352080646
2169,8759,1,"General",2025-10-02,2025-10-14,12,2.28330182818997
2260,5609,1,"International",2025-10-02,2025-10-09,7,6.48777486709068
2362,5254,6,"Financial Aid",2025-10-02,2025-10-11,9,3.66574515245011
2461,7707,3,"Career",2025-10-02,2025-10-12,10,3.81037975855359
2463,6258,2,"General",2025-10-02,2025-10-11,9,3.28507836995202
2471,7228,2,"General",2025-10-02,2025-10-10,8,4.32894135935662
1026,5996,5,"General",2025-10-03,2025-10-14,11,2.98775500309078
1029,6540,4,"General",2025-10-03,2025-10-12,9,4.22577681204544
1055,8031,6,"International",2025-10-03,2025-10-14,11,3.64671560199041
1064,6395,5,"Career",2025-10-03,2025-10-13,10,4.62986821173264
1078,6251,6,"Financial Aid",2025-10-03,2025-10-13,10,3.72696422390104
1126,8016,3,"General",2025-10-03,2025-10-13,10,2.53031193769661
1153,6906,3,"General",2025-10-03,2025-10-11,8,4.58292650012114
1312,8626,1,"General",2025-10-03,2025-10-13,10,3.11735546586886
1552,7265,4,"Career",2025-10-03,2025-10-13,10,3.92121440277598
1554,8273,3,"Financial Aid",2025-10-03,2025-10-15,12,1.31496132291674
1631,6236,1,"General",2025-10-03,2025-10-15,12,1
1686,6184,6,"Financial Aid",2025-10-03,2025-10-13,10,3.61699567203806
1743,6226,6,"General",2025-10-03,2025-10-13,10,3.76126863081507
1770,5519,2,"International",2025-10-03,2025-10-10,7,6.41157107986357
1802,5179,5,"International",2025-10-03,2025-10-12,9,4.22793457878689
1824,7568,3,"General",2025-10-03,2025-10-15,12,1
2054,6626,3,"General",2025-10-03,2025-10-10,7,4.2826162713576
2491,8114,5,"General",2025-10-03,2025-10-14,11,3.16858208294349
1003,6176,1,"General",2025-10-04,2025-10-14,10,1.03657751756032
1019,8953,2,"General",2025-10-04,2025-10-11,7,3.62283220183454
1257,5001,6,"General",2025-10-04,2025-10-12,8,4.93962856452301
1349,5918,1,"General",2025-10-04,2025-10-12,8,4.19531230796618
1451,6043,3,"International",2025-10-04,2025-10-15,11,2.86894195972311
1453,8425,6,"General",2025-10-04,2025-10-11,7,4.02549640396553
1469,7977,3,"General",2025-10-04,2025-10-13,9,5.12812752250118
1492,8464,4,"International",2025-10-04,2025-10-13,9,4.89813434600701
1784,7116,4,"Financial Aid",2025-10-04,2025-10-16,12,2.64259018353973
1922,5453,2,"General",2025-10-04,2025-10-14,10,4.05601273916645
2248,5695,2,"General",2025-10-04,2025-10-14,10,2.86922841079551
2449,5036,2,"Financial Aid",2025-10-04,2025-10-13,9,4.45753294832555
1119,7335,5,"General",2025-10-05,2025-10-16,11,1
1166,7416,5,"International",2025-10-05,2025-10-17,12,1
1331,7766,6,"Financial Aid",2025-10-05,2025-10-16,11,1.8222860910411
1354,6938,4,"General",2025-10-05,2025-10-15,10,3.52290195409486
1418,5158,5,"Financial Aid",2025-10-05,2025-10-17,12,1.93963753131317
1431,8036,1,"International",2025-10-05,2025-10-13,8,5.18328611109177
1454,5982,6,"General",2025-10-05,2025-10-14,9,3.62660629709676
1574,8212,2,"General",2025-10-05,2025-10-17,12,1.59377129217304
1599,6615,2,"General",2025-10-05,2025-10-12,7,5.75709700689561
1718,6745,3,"General",2025-10-05,2025-10-17,12,3.02664714971706
1747,7785,3,"General",2025-10-05,2025-10-15,10,3.67145562095275
1906,8170,3,"Career",2025-10-05,2025-10-16,11,2.93023850103563
2031,5391,2,"General",2025-10-05,2025-10-16,11,1.58049394713211
2174,5292,2,"General",2025-10-05,2025-10-12,7,6.85653702667974
2249,6764,4,"International",2025-10-05,2025-10-15,10,2.30328429423519
2335,8644,2,"Career",2025-10-05,2025-10-15,10,5.33750640976624
2359,6757,1,"Financial Aid",2025-10-05,2025-10-13,8,2.72421886335383
2488,7014,3,"Financial Aid",2025-10-05,2025-10-16,11,1.00767185869773
1210,6720,1,"General",2025-10-06,2025-10-18,12,3.73606865971517
1258,5670,1,"General",2025-10-06,2025-10-15,9,4.51965735558496
1465,7226,1,"Financial Aid",2025-10-06,2025-10-14,8,5.00936876588583
1513,5186,1,"Financial Aid",2025-10-06,2025-10-13,7,7.18522935370917
1565,6752,5,"Financial Aid",2025-10-06,2025-10-17,11,3.21468695879592
1616,7217,5,"General",2025-10-06,2025-10-17,11,2.27531599866977
1655,7177,1,"Financial Aid",2025-10-06,2025-10-14,8,4.93710139891438
1724,7311,6,"Career",2025-10-06,2025-10-17,11,5.60538328377167
2027,6877,3,"General",2025-10-06,2025-10-15,9,4.00641018803571
2056,7194,1,"General",2025-10-06,2025-10-13,7,5.52394959444501
2157,5229,3,"Career",2025-10-06,2025-10-13,7,6.29594230470615
2166,6761,1,"Career",2025-10-06,2025-10-13,7,4.66245719877055
2175,7768,1,"Career",2025-10-06,2025-10-18,12,2.2806503417038
2246,8410,6,"General",2025-10-06,2025-10-18,12,1.56540328315717
2257,5083,2,"Career",2025-10-06,2025-10-14,8,7.41975969135862
2360,5691,2,"General",2025-10-06,2025-10-13,7,5.39574972504484
1105,7998,2,"General",2025-10-07,2025-10-16,9,4.85460394870494
1215,8440,5,"Financial Aid",2025-10-07,2025-10-16,9,5.72290636143662
1328,7217,5,"General",2025-10-07,2025-10-18,11,3.69360397548913
1408,6827,2,"Career",2025-10-07,2025-10-18,11,1.97741669471398
1415,5646,4,"Career",2025-10-07,2025-10-14,7,2.45179677850127
1570,8094,5,"General",2025-10-07,2025-10-15,8,4.75256850589265
1665,5236,5,"Career",2025-10-07,2025-10-16,9,3.49978639250168
1672,8015,2,"International",2025-10-07,2025-10-18,11,1
1742,8590,2,"Financial Aid",2025-10-07,2025-10-19,12,1.00857588219151
1745,5588,6,"Financial Aid",2025-10-07,2025-10-17,10,2.87309212014771
1768,5473,6,"Career",2025-10-07,2025-10-18,11,2.24840336373878
2130,6266,5,"General",2025-10-07,2025-10-15,8,3.48459528991983
2173,5200,1,"Career",2025-10-07,2025-10-16,9,4.44765213211641
2341,5436,6,"Career",2025-10-07,2025-10-19,12,1.52911140436746
2363,5676,5,"International",2025-10-07,2025-10-16,9,2.94771524425023
2372,7073,3,"Career",2025-10-07,2025-10-14,7,6.14924644161417
2424,8689,5,"General",2025-10-07,2025-10-17,10,3.66277985605821
1066,5373,1,"Financial Aid",2025-10-08,2025-10-19,11,3.50859785682044
1089,5015,1,"General",2025-10-08,2025-10-16,8,5.21484912737241
1144,7858,6,"Financial Aid",2025-10-08,2025-10-19,11,2.96748412441967
1162,5942,6,"General",2025-10-08,2025-10-18,10,2.45561949774013
1255,9000,3,"General",2025-10-08,2025-10-16,8,4.2667616926799
1416,6899,3,"General",2025-10-08,2025-10-18,10,5.68826240818165
1421,7982,3,"General",2025-10-08,2025-10-16,8,4.60057511853273
1507,6045,2,"General",2025-10-08,2025-10-20,12,2.9421798027256
1559,6077,3,"General",2025-10-08,2025-10-15,7,3.81070210964828
1579,6388,5,"General",2025-10-08,2025-10-18,10,3.58506081420561
1791,7225,4,"General",2025-10-08,2025-10-15,7,5.1845057872736
1879,6700,3,"Career",2025-10-08,2025-10-19,11,3.39382242031899
1944,6024,2,"General",2025-10-08,2025-10-16,8,4.58458739937294
1963,6265,6,"General",2025-10-08,2025-10-20,12,1
2023,6504,5,"Financial Aid",2025-10-08,2025-10-16,8,5.77249755711309
2055,5556,6,"General",2025-10-08,2025-10-19,11,3.73783027113735
2062,6713,5,"Financial Aid",2025-10-08,2025-10-18,10,4.96147766336785
2140,8585,6,"Financial Aid",2025-10-08,2025-10-20,12,1.26574353051971
2149,8394,1,"International",2025-10-08,2025-10-19,11,3.39294903369152
2168,7529,6,"General",2025-10-08,2025-10-18,10,1.93653515690975
2317,7528,6,"Financial Aid",2025-10-08,2025-10-19,11,1.77187464923317
2329,8979,6,"Financial Aid",2025-10-08,2025-10-19,11,2.6863112128214
2434,6360,5,"General",2025-10-08,2025-10-16,8,3.99396366617511
2437,6672,3,"General",2025-10-08,2025-10-20,12,1.83392403644764
2475,5311,2,"General",2025-10-08,2025-10-20,12,1.7102353514766
1243,6424,5,"International",2025-10-09,2025-10-19,10,2.97284190433362
1296,5224,5,"Financial Aid",2025-10-09,2025-10-20,11,2.57785428987134
1534,7750,6,"General",2025-10-09,2025-10-19,10,3.22869265506896
1660,5546,3,"General",2025-10-09,2025-10-20,11,3.6163253231232
1755,7459,1,"Financial Aid",2025-10-09,2025-10-17,8,4.16413999918973
1767,7707,4,"Financial Aid",2025-10-09,2025-10-21,12,1.0400191471186
1916,8859,1,"Financial Aid",2025-10-09,2025-10-21,12,3.40477428398549
2072,5678,4,"International",2025-10-09,2025-10-18,9,5.41889373188876
2181,8138,1,"General",2025-10-09,2025-10-21,12,2.57569546953693
2196,8222,2,"General",2025-10-09,2025-10-16,7,6.94131615691919
2228,7665,5,"General",2025-10-09,2025-10-18,9,3.77189614812057
2272,6885,3,"Career",2025-10-09,2025-10-18,9,3.47962923965085
2318,7395,6,"General",2025-10-09,2025-10-16,7,5.48940213293873
2433,8748,5,"Career",2025-10-09,2025-10-18,9,5.18710709687693
2445,8621,6,"Career",2025-10-09,2025-10-17,8,4.30676956908234
2466,6677,1,"International",2025-10-09,2025-10-17,8,5.20091680283464
1069,6014,2,"Financial Aid",2025-10-10,2025-10-19,9,3.62697200705262
1237,6565,5,"Financial Aid",2025-10-10,2025-10-22,12,1
1290,6336,5,"Financial Aid",2025-10-10,2025-10-21,11,3.72363712200747
1305,7003,2,"General",2025-10-10,2025-10-21,11,2.11668195825728
1374,8441,6,"Career",2025-10-10,2025-10-19,9,2.89707920201152
1414,7812,5,"General",2025-10-10,2025-10-18,8,2.42843618298363
1466,7034,6,"General",2025-10-10,2025-10-19,9,4.62605740015957
1600,8947,5,"General",2025-10-10,2025-10-21,11,4.06334561357029
1619,8479,6,"General",2025-10-10,2025-10-21,11,3.44621124214923
1700,8766,1,"Career",2025-10-10,2025-10-17,7,6.08094645360433
1921,5663,4,"General",2025-10-10,2025-10-18,8,6.78233931965511
1928,8281,2,"Career",2025-10-10,2025-10-18,8,6.12146535241149
2147,8967,5,"Career",2025-10-10,2025-10-19,9,4.02252020657485
2209,5914,4,"General",2025-10-10,2025-10-17,7,3.90841561367967
2328,5389,1,"General",2025-10-10,2025-10-22,12,3.41436375244154
2382,6154,1,"General",2025-10-10,2025-10-18,8,3.95705486135951
2385,6236,1,"Career",2025-10-10,2025-10-17,7,6.70148895988578
1082,6692,1,"Career",2025-10-11,2025-10-20,9,4.44712423987841
1250,7608,2,"International",2025-10-11,2025-10-18,7,4.71058683689197
1336,7653,4,"General",2025-10-11,2025-10-19,8,3.27457496527922
1515,7981,2,"General",2025-10-11,2025-10-22,11,3.16892791652144
1535,7449,4,"International",2025-10-11,2025-10-23,12,3.34787488485432
1576,5869,6,"Career",2025-10-11,2025-10-21,10,3.37629095222402
1955,8554,1,"International",2025-10-11,2025-10-21,10,2.65203492238832
2070,8127,4,"Financial Aid",2025-10-11,2025-10-20,9,4.49993625493333
2165,5610,5,"General",2025-10-11,2025-10-18,7,5.27964059284809
2304,5895,2,"Financial Aid",2025-10-11,2025-10-20,9,1.46619445952223
2315,8711,5,"Career",2025-10-11,2025-10-22,11,2.79201238911118
2469,5713,2,"General",2025-10-11,2025-10-23,12,1
1127,7424,5,"General",2025-10-12,2025-10-19,7,6.45316253389443
1299,7218,5,"Financial Aid",2025-10-12,2025-10-21,9,3.57865442602592
1335,8098,3,"General",2025-10-12,2025-10-19,7,4.37493342217092
1443,7120,5,"Career",2025-10-12,2025-10-19,7,4.83752906669681
1489,5754,4,"General",2025-10-12,2025-10-20,8,7.13267342379572
1669,5502,2,"General",2025-10-12,2025-10-23,11,2.37238410925718
1729,6852,6,"International",2025-10-12,2025-10-21,9,4.20648965347339
1804,8154,5,"Financial Aid",2025-10-12,2025-10-22,10,4.73701734656967
1867,6918,5,"Financial Aid",2025-10-12,2025-10-19,7,3.48436493569546
1982,8159,1,"Career",2025-10-12,2025-10-22,10,3.6706744888214
2079,8657,3,"General",2025-10-12,2025-10-20,8,4.56719955971995
2172,8165,2,"General",2025-10-12,2025-10-24,12,1.55574134993524
2334,5319,4,"General",2025-10-12,2025-10-23,11,3.30295844274951
1011,7071,4,"Career",2025-10-13,2025-10-22,9,3.13190740297807
1013,5355,3,"General",2025-10-13,2025-10-22,9,5.88232374508352
1039,5298,5,"Financial Aid",2025-10-13,2025-10-21,8,6.31313480845177
1081,6352,3,"Financial Aid",2025-10-13,2025-10-20,7,7.88197328438049
1273,6847,2,"General",2025-10-13,2025-10-20,7,4.30273146782255
1301,8733,1,"General",2025-10-13,2025-10-23,10,2.76115627272695
1477,6389,4,"Career",2025-10-13,2025-10-22,9,4.02043025596304
1481,7155,6,"Financial Aid",2025-10-13,2025-10-25,12,2.13988644582236
1521,6427,6,"General",2025-10-13,2025-10-24,11,2.77314191028472
1572,6362,1,"General",2025-10-13,2025-10-20,7,4.67515548857813
1688,5270,2,"International",2025-10-13,2025-10-22,9,4.70258504258893
1721,8065,3,"Career",2025-10-13,2025-10-23,10,4.90971240918177
1748,7190,3,"International",2025-10-13,2025-10-24,11,2.17015039522413
1769,5984,3,"General",2025-10-13,2025-10-23,10,4.68153878002597
1809,8665,2,"General",2025-10-13,2025-10-21,8,3.67364041729439
1816,5899,5,"General",2025-10-13,2025-10-21,8,4.0729024441241
1844,8738,3,"General",2025-10-13,2025-10-24,11,1.69481608548254
1862,7586,6,"General",2025-10-13,2025-10-23,10,2.40967702753523
1880,5756,5,"Career",2025-10-13,2025-10-21,8,4.57022579320008
1904,7105,1,"Financial Aid",2025-10-13,2025-10-23,10,4.22531602799967
1915,7757,1,"International",2025-10-13,2025-10-25,12,2.20396605698731
2404,5248,3,"International",2025-10-13,2025-10-25,12,2.65888178907799
1022,8368,3,"Financial Aid",2025-10-14,2025-10-24,10,3.83510027181329
1167,7559,1,"General",2025-10-14,2025-10-22,8,5.5176500882141
1194,7871,5,"General",2025-10-14,2025-10-23,9,3.14161997135555
1670,7661,6,"Career",2025-10-14,2025-10-23,9,4.0693212821826
1676,8030,1,"General",2025-10-14,2025-10-24,10,3.01390930030945
1726,6137,3,"Financial Aid",2025-10-14,2025-10-22,8,3.61868682866568
1763,5417,2,"General",2025-10-14,2025-10-23,9,4.03710435309498
1825,5830,6,"International",2025-10-14,2025-10-21,7,5.0047506084416
1877,7205,4,"General",2025-10-14,2025-10-25,11,1.76887750019619
1927,7490,5,"Financial Aid",2025-10-14,2025-10-21,7,5.63493915068279
1932,8434,4,"Financial Aid",2025-10-14,2025-10-25,11,1
1993,8608,5,"General",2025-10-14,2025-10-23,9,4.61502469724208
2006,8151,1,"General",2025-10-14,2025-10-23,9,3.13536222174503
2052,7451,5,"General",2025-10-14,2025-10-21,7,4.76507645900262
2074,6084,4,"General",2025-10-14,2025-10-21,7,5.24269812455012
2114,6552,5,"Career",2025-10-14,2025-10-21,7,4.27850568683926
2405,8567,3,"General",2025-10-14,2025-10-23,9,4.0772205954423
2432,7675,1,"Career",2025-10-14,2025-10-24,10,3.51494909229921
2457,5621,4,"Financial Aid",2025-10-14,2025-10-23,9,6.16733537934825
1065,6026,6,"General",2025-10-15,2025-10-26,11,3.91405421684063
1172,6953,2,"Career",2025-10-15,2025-10-26,11,2.31512322021207
1185,5470,1,"General",2025-10-15,2025-10-24,9,4.26503958050471
1310,6708,6,"Financial Aid",2025-10-15,2025-10-26,11,1.2303466166928
1392,6487,1,"Career",2025-10-15,2025-10-22,7,5.78364574411435
1519,7729,1,"General",2025-10-15,2025-10-23,8,3.10925791533266
1547,6498,4,"Career",2025-10-15,2025-10-27,12,3.27343615674479
1562,6249,1,"General",2025-10-15,2025-10-25,10,2.12282200452612
1566,7971,1,"General",2025-10-15,2025-10-24,9,2.8085975760832
1615,8372,1,"General",2025-10-15,2025-10-25,10,2.22619801915462
1624,7988,5,"General",2025-10-15,2025-10-25,10,2.04814822926769
1674,5094,3,"International",2025-10-15,2025-10-25,10,4.56572220695184
1697,7402,2,"General",2025-10-15,2025-10-24,9,3.53348974707141
1920,5414,2,"General",2025-10-15,2025-10-24,9,3.29239986847395
2015,5683,5,"General",2025-10-15,2025-10-22,7,4.93198133038098
2182,8569,4,"General",2025-10-15,2025-10-23,8,5.17562907534095
2191,6076,3,"General",2025-10-15,2025-10-23,8,4.4617769015378
2252,5402,2,"International",2025-10-15,2025-10-25,10,4.5364279600429
2302,5585,5,"International",2025-10-15,2025-10-26,11,2.4041481630208
2395,7573,4,"General",2025-10-15,2025-10-22,7,6.52772444843056
1186,7235,2,"Career",2025-10-16,2025-10-26,10,1.71030682711183
1397,7981,1,"General",2025-10-16,2025-10-23,7,4.7955592545461
1427,7587,4,"General",2025-10-16,2025-10-26,10,2.25799144643465
1470,5953,5,"Career",2025-10-16,2025-10-23,7,4.28230151378896
1514,7100,2,"International",2025-10-16,2025-10-25,9,5.07673151727757
1654,7445,5,"Financial Aid",2025-10-16,2025-10-27,11,2.56292345502202
1738,8489,2,"Career",2025-10-16,2025-10-24,8,4.65994412906863
1823,5294,4,"Financial Aid",2025-10-16,2025-10-24,8,6.72918582294765
1870,8828,2,"General",2025-10-16,2025-10-28,12,1.58973162262763
1900,8655,4,"International",2025-10-16,2025-10-25,9,2.87452943488852
1902,5942,2,"Financial Aid",2025-10-16,2025-10-28,12,3.15224030684711
2029,7332,3,"General",2025-10-16,2025-10-24,8,4.74469254597434
2091,7340,2,"International",2025-10-16,2025-10-24,8,4.35502887005629
2217,6318,5,"General",2025-10-16,2025-10-28,12,2.58114816823822
2218,8771,4,"Career",2025-10-16,2025-10-24,8,5.18196310256359
2300,5184,6,"International",2025-10-16,2025-10-28,12,3.97905116954586
1017,8603,2,"General",2025-10-17,2025-10-28,11,1.68387105296085
1050,7244,5,"General",2025-10-17,2025-10-26,9,4.3323336317489
1096,8701,2,"General",2025-10-17,2025-10-25,8,4.89942990036151
1315,6953,4,"General",2025-10-17,2025-10-26,9,2.39842281564895
1586,8408,3,"Financial Aid",2025-10-17,2025-10-27,10,3.53771222148105
1892,8997,1,"General",2025-10-17,2025-10-26,9,5.22575078381696
2039,5130,6,"International",2025-10-17,2025-10-27,10,1.93906941158641
2048,7480,3,"General",2025-10-17,2025-10-29,12,1
2178,8427,5,"Career",2025-10-17,2025-10-24,7,4.93152962790373
2331,8744,4,"General",2025-10-17,2025-10-29,12,3.49132937580247
2409,8005,2,"Financial Aid",2025-10-17,2025-10-28,11,3.36594609214615
1122,7107,1,"Financial Aid",2025-10-18,2025-10-25,7,5.34791189554521
1241,6610,3,"General",2025-10-18,2025-10-27,9,4.90263489495845
1327,7809,4,"General",2025-10-18,2025-10-26,8,3.38682372271417
1350,8929,4,"Career",2025-10-18,2025-10-27,9,3.60617624508971
1439,8665,3,"Financial Aid",2025-10-18,2025-10-29,11,3.32701146001843
1568,8824,5,"General",2025-10-18,2025-10-30,12,2.77512262397662
1573,7825,1,"General",2025-10-18,2025-10-25,7,6.39577462934919
1663,8215,6,"International",2025-10-18,2025-10-30,12,2.08098679839671
1806,7553,3,"Career",2025-10-18,2025-10-30,12,1
1926,7314,3,"International",2025-10-18,2025-10-30,12,2.24531333786523
2107,5188,4,"International",2025-10-18,2025-10-30,12,1.51272145698143
2206,6908,2,"General",2025-10-18,2025-10-28,10,3.8635125433057
2219,8238,4,"Financial Aid",2025-10-18,2025-10-25,7,4.24528256367957
2250,7050,1,"General",2025-10-18,2025-10-25,7,4.40983932093026
2325,5800,2,"International",2025-10-18,2025-10-28,10,2.69934474519989
2356,6578,4,"General",2025-10-18,2025-10-29,11,4.49452769031799
2418,6080,6,"International",2025-10-18,2025-10-27,9,3.55972144971353
1002,7368,6,"General",2025-10-19,2025-10-28,9,3.81605666662552
1133,5583,2,"General",2025-10-19,2025-10-29,10,2.0527190509945
1269,5443,2,"General",2025-10-19,2025-10-28,9,3.98757538057324
1323,5155,3,"International",2025-10-19,2025-10-29,10,2.80302381078554
1567,5526,6,"Career",2025-10-19,2025-10-26,7,5.15616594365006
1637,6120,6,"Career",2025-10-19,2025-10-30,11,1.95708444280301
1658,6279,6,"General",2025-10-19,2025-10-31,12,1.80886593486258
1727,7313,1,"Career",2025-10-19,2025-10-31,12,3.15659724302871
1859,5393,5,"Career",2025-10-19,2025-10-30,11,2.78637768707176
1860,7911,1,"International",2025-10-19,2025-10-30,11,3.56327482180467
1868,5755,4,"Financial Aid",2025-10-19,2025-10-30,11,2.96123972940323
1888,5636,4,"General",2025-10-19,2025-10-31,12,4.22832650459768
1951,8022,4,"General",2025-10-19,2025-10-30,11,2.82610884600509
1971,8162,4,"General",2025-10-19,2025-10-27,8,4.30713142392159
2007,7911,1,"General",2025-10-19,2025-10-27,8,4.6627902841347
2047,5748,1,"Career",2025-10-19,2025-10-30,11,1.46402482920484
2050,7126,3,"General",2025-10-19,2025-10-31,12,2.97275478905726
2243,5921,4,"Financial Aid",2025-10-19,2025-10-31,12,2.70179242901118
2244,7616,5,"General",2025-10-19,2025-10-28,9,3.00305981995694
2285,5466,5,"General",2025-10-19,2025-10-30,11,3.81878563410467
1169,8440,2,"General",2025-10-20,2025-11-01,12,2.14534370279284
1367,6899,5,"General",2025-10-20,2025-10-28,8,4.82635672261755
1401,5714,5,"Career",2025-10-20,2025-11-01,12,1.01941309813393
1524,5227,1,"Financial Aid",2025-10-20,2025-11-01,12,2.07319981634423
1555,5109,2,"General",2025-10-20,2025-10-28,8,4.17012981328151
1713,6364,5,"General",2025-10-20,2025-10-28,8,4.05846466113125
2020,6187,4,"Career",2025-10-20,2025-10-27,7,6.47117255985525
2028,7435,2,"General",2025-10-20,2025-10-30,10,2.99623315600362
2241,8639,3,"General",2025-10-20,2025-10-31,11,3.36858100961255
2255,6656,4,"Financial Aid",2025-10-20,2025-10-28,8,3.47982580176662
2456,8085,5,"General",2025-10-20,2025-10-28,8,3.70672304450148
2494,6351,4,"Career",2025-10-20,2025-10-30,10,3.92263793607122
2495,6064,5,"General",2025-10-20,2025-10-30,10,3.92042238024811
1044,6315,1,"General",2025-10-21,2025-10-30,9,3.43972629282225
1188,5267,3,"Financial Aid",2025-10-21,2025-10-31,10,3.04353643685124
1300,5488,2,"General",2025-10-21,2025-11-02,12,2.39578151720781
1528,6928,4,"International",2025-10-21,2025-10-30,9,3.9219591760541
1606,8220,3,"General",2025-10-21,2025-10-29,8,6.00643109428092
1612,6670,3,"Financial Aid",2025-10-21,2025-10-29,8,4.22103689838259
1652,8175,6,"General",2025-10-21,2025-11-01,11,2.80524729746905
1778,6364,4,"General",2025-10-21,2025-10-28,7,6.2172287591319
1814,6441,2,"Career",2025-10-21,2025-10-30,9,4.68303677982011
1981,7123,2,"Career",2025-10-21,2025-11-02,12,4.49885436992416
1989,8183,5,"General",2025-10-21,2025-10-28,7,6.2759333518694
1999,8054,2,"Financial Aid",2025-10-21,2025-11-02,12,2.27728140499453
2210,6013,5,"Financial Aid",2025-10-21,2025-10-29,8,6.2357981858042
2239,5570,5,"Career",2025-10-21,2025-10-31,10,2.61760761490473
2298,6372,4,"Financial Aid",2025-10-21,2025-11-02,12,2.59387670525441
1090,6380,4,"International",2025-10-22,2025-10-30,8,5.06107685280322
1195,5663,6,"Financial Aid",2025-10-22,2025-11-01,10,2.11814069996391
1236,5538,6,"General",2025-10-22,2025-10-30,8,5.60504106597895
1251,5572,6,"General",2025-10-22,2025-11-01,10,2.36410405577336
1309,6849,2,"Career",2025-10-22,2025-11-01,10,2.70835459380938
1564,6133,2,"General",2025-10-22,2025-11-03,12,3.04875109049073
1740,6664,1,"Financial Aid",2025-10-22,2025-10-30,8,4.34642210287146
1741,5460,5,"General",2025-10-22,2025-11-02,11,1.90434891650861
1885,7731,5,"Career",2025-10-22,2025-10-30,8,5.41316171707488
2139,7640,4,"Financial Aid",2025-10-22,2025-10-30,8,4.12365089739936
2330,6746,2,"Financial Aid",2025-10-22,2025-11-01,10,5.25335531580778
2377,7842,4,"Financial Aid",2025-10-22,2025-10-31,9,3.27039335841719
2484,7606,4,"General",2025-10-22,2025-10-29,7,4.56861268848914
1068,7817,4,"General",2025-10-23,2025-11-04,12,1
1184,7473,2,"General",2025-10-23,2025-10-31,8,3.53418805083852
1190,8481,4,"Career",2025-10-23,2025-11-03,11,1
1217,7820,3,"Career",2025-10-23,2025-11-04,12,1
1280,6768,3,"General",2025-10-23,2025-11-01,9,4.56372078264248
1284,5180,5,"International",2025-10-23,2025-11-01,9,4.88536995206661
1403,8450,4,"General",2025-10-23,2025-10-31,8,6.9999245973236
1523,7134,6,"Financial Aid",2025-10-23,2025-11-03,11,3.39942477746476
1677,6279,5,"Financial Aid",2025-10-23,2025-10-31,8,5.02364379409304
1701,8191,2,"Career",2025-10-23,2025-11-01,9,2.01789138826001
1852,8084,3,"General",2025-10-23,2025-11-03,11,3.96432628034391
2014,7615,2,"Career",2025-10-23,2025-11-01,9,5.74765173572438
2288,6398,1,"Financial Aid",2025-10-23,2025-11-01,9,3.33828691146644
2446,6234,6,"Financial Aid",2025-10-23,2025-11-03,11,3.08599195558468
1023,5600,3,"General",2025-10-24,2025-10-31,7,4.07894621359011
1046,5981,5,"Financial Aid",2025-10-24,2025-11-03,10,2.83056778548618
1063,5129,5,"Career",2025-10-24,2025-11-02,9,3.75006444622695
1204,5635,2,"Financial Aid",2025-10-24,2025-11-02,9,3.36285908262412
1277,8014,4,"General",2025-10-24,2025-10-31,7,5.10700980146503
1371,6128,4,"Career",2025-10-24,2025-11-05,12,1.34494425684322
1386,7210,2,"General",2025-10-24,2025-11-05,12,2.49543886339341
1632,6332,6,"Career",2025-10-24,2025-11-05,12,1
1692,5490,4,"General",2025-10-24,2025-11-02,9,2.94870160547131
1723,5751,4,"Financial Aid",2025-10-24,2025-10-31,7,5.42696831144891
1875,6311,1,"Financial Aid",2025-10-24,2025-11-03,10,2.61222988808018
1918,5648,6,"Financial Aid",2025-10-24,2025-11-05,12,3.42608539103072
1923,7027,3,"General",2025-10-24,2025-11-04,11,2.03114381190345
1940,6701,4,"General",2025-10-24,2025-11-03,10,2.78068954558168
1991,8177,3,"Career",2025-10-24,2025-11-04,11,3.85921140618767
2204,6267,3,"Financial Aid",2025-10-24,2025-11-05,12,1.1512471340966
2207,6801,3,"General",2025-10-24,2025-10-31,7,4.65275484999326
2415,5411,5,"General",2025-10-24,2025-11-03,10,3.83528568650491
1038,8229,3,"Financial Aid",2025-10-25,2025-11-05,11,4.61497764567826
1060,5625,4,"General",2025-10-25,2025-11-04,10,2.36914149337071
1073,7087,2,"General",2025-10-25,2025-11-06,12,2.0747634798124
1211,5795,2,"General",2025-10-25,2025-11-04,10,3.59587214719032
1278,8326,4,"Career",2025-10-25,2025-11-05,11,3.35558793889212
1279,6224,1,"Financial Aid",2025-10-25,2025-11-02,8,7.28867710168685
1997,5291,5,"International",2025-10-25,2025-11-02,8,5.91845521848719
2121,8581,2,"Career",2025-10-25,2025-11-04,10,3.49206296952372
2200,6143,1,"General",2025-10-25,2025-11-03,9,5.40391574135008
2303,5979,1,"General",2025-10-25,2025-11-01,7,5.90719208363541
2336,7138,1,"Career",2025-10-25,2025-11-06,12,1.58235556868697
2358,5928,2,"Financial Aid",2025-10-25,2025-11-04,10,3.18480429943829
2364,8498,2,"Financial Aid",2025-10-25,2025-11-03,9,3.14231959104445
1053,7551,5,"International",2025-10-26,2025-11-07,12,1
1124,7896,5,"General",2025-10-26,2025-11-07,12,2.05736007926627
1128,6876,2,"Career",2025-10-26,2025-11-05,10,2.59136864739286
1192,8264,5,"Career",2025-10-26,2025-11-04,9,3.84565436927704
1413,7731,6,"Financial Aid",2025-10-26,2025-11-04,9,5.286904433084
1420,5977,6,"International",2025-10-26,2025-11-03,8,3.31127622216705
1538,6959,4,"General",2025-10-26,2025-11-06,11,3.80874258798533
1539,5766,4,"General",2025-10-26,2025-11-03,8,6.38404276774942
1563,5591,1,"International",2025-10-26,2025-11-04,9,3.22237746298907
1841,6360,6,"Financial Aid",2025-10-26,2025-11-04,9,5.01381301929043
1948,5913,4,"Career",2025-10-26,2025-11-03,8,3.04019632093002
1998,6799,6,"International",2025-10-26,2025-11-02,7,6.5860397997889
2034,5523,1,"Financial Aid",2025-10-26,2025-11-03,8,5.08654106674185
2092,7361,1,"General",2025-10-26,2025-11-06,11,2.80815618938942
2216,5117,1,"Career",2025-10-26,2025-11-04,9,3.69378561291267
2419,5499,3,"General",2025-10-26,2025-11-04,9,4.986165057481
1059,7969,5,"Career",2025-10-27,2025-11-06,10,3.75268381763095
1120,5719,1,"General",2025-10-27,2025-11-08,12,3.04467824295245
1212,7677,1,"Financial Aid",2025-10-27,2025-11-04,8,6.38671411381404
1268,6586,5,"General",2025-10-27,2025-11-05,9,5.11967532409596
1276,6033,2,"Financial Aid",2025-10-27,2025-11-05,9,3.92304158217657
1500,7793,3,"General",2025-10-27,2025-11-08,12,1.50105628556984
1526,6592,2,"International",2025-10-27,2025-11-05,9,3.15785044025611
1543,6989,6,"International",2025-10-27,2025-11-03,7,5.28052439856423
1588,8975,6,"Career",2025-10-27,2025-11-08,12,1.32486492615326
1897,7910,1,"General",2025-10-27,2025-11-06,10,2.89635926713717
1903,8544,4,"Financial Aid",2025-10-27,2025-11-03,7,5.01548223445932
2021,8362,2,"General",2025-10-27,2025-11-03,7,5.05664001006862
2141,6742,5,"General",2025-10-27,2025-11-05,9,4.12119322211216
2144,7343,1,"Career",2025-10-27,2025-11-06,10,1.10853295755581
2275,7121,3,"Career",2025-10-27,2025-11-03,7,6.40933866039041
2314,8585,4,"General",2025-10-27,2025-11-03,7,4.90257702090831
2361,5100,1,"Financial Aid",2025-10-27,2025-11-04,8,4.12584732743478
2467,7999,3,"General",2025-10-27,2025-11-08,12,1
1240,7259,6,"Career",2025-10-28,2025-11-05,8,4.6956386501834
1383,6624,6,"Career",2025-10-28,2025-11-06,9,4.88384947818655
1485,5600,6,"General",2025-10-28,2025-11-09,12,1.78587402327598
1530,6197,3,"Financial Aid",2025-10-28,2025-11-05,8,4.48984098556844
1646,6708,3,"Financial Aid",2025-10-28,2025-11-05,8,5.3551012370931
1719,8174,3,"General",2025-10-28,2025-11-07,10,3.89819741874001
1969,8582,5,"General",2025-10-28,2025-11-09,12,1
2080,7964,6,"Career",2025-10-28,2025-11-05,8,7.30373979424482
2212,6878,1,"General",2025-10-28,2025-11-04,7,5.72566066239878
2287,8033,5,"International",2025-10-28,2025-11-08,11,3.16292815904662
2306,5015,3,"General",2025-10-28,2025-11-07,10,3.38522000840074
1016,7669,3,"Career",2025-10-29,2025-11-09,11,2.35580911108804
1208,8994,3,"General",2025-10-29,2025-11-05,7,5.67604144182387
1235,5336,3,"Career",2025-10-29,2025-11-10,12,1.87753023932039
1238,8251,5,"General",2025-10-29,2025-11-09,11,2.10339173664198
1254,8984,5,"Financial Aid",2025-10-29,2025-11-08,10,4.20654999483677
1286,6307,4,"International",2025-10-29,2025-11-05,7,5.66170550928764
1298,6125,1,"International",2025-10-29,2025-11-07,9,5.68932220120309
1332,7236,5,"Financial Aid",2025-10-29,2025-11-09,11,2.37757305681726
1337,7692,6,"Financial Aid",2025-10-29,2025-11-10,12,1
1436,6161,1,"General",2025-10-29,2025-11-06,8,5.63201652977536
1476,9000,2,"General",2025-10-29,2025-11-07,9,5.25385138946698
1527,6683,5,"General",2025-10-29,2025-11-05,7,6.18932232429817
1537,5480,6,"General",2025-10-29,2025-11-05,7,6.36717576538293
1610,7388,3,"General",2025-10-29,2025-11-05,7,5.48463574744397
1683,5330,3,"International",2025-10-29,2025-11-08,10,2.07776789295769
1685,6942,2,"Career",2025-10-29,2025-11-05,7,5.63896278678489
1728,8278,3,"Career",2025-10-29,2025-11-06,8,3.95912748941495
1739,6511,1,"General",2025-10-29,2025-11-05,7,5.62731989052393
1753,5345,6,"General",2025-10-29,2025-11-10,12,2.07158150719669
1774,6389,4,"Career",2025-10-29,2025-11-06,8,4.54760864784059
1808,7030,2,"General",2025-10-29,2025-11-06,8,4.76002921255621
1925,5496,5,"General",2025-10-29,2025-11-10,12,2.19071894378565
2004,7800,2,"Financial Aid",2025-10-29,2025-11-09,11,2.73877246087496
2019,5578,4,"General",2025-10-29,2025-11-07,9,2.52511889928892
2060,7152,2,"General",2025-10-29,2025-11-06,8,3.73958527266191
2299,7218,6,"General",2025-10-29,2025-11-05,7,4.71998788491695
2421,6457,4,"International",2025-10-29,2025-11-06,8,3.38286440523629
2429,5140,3,"General",2025-10-29,2025-11-07,9,4.25696506495903
2458,6077,6,"Career",2025-10-29,2025-11-10,12,1.92362040413974
1189,5639,5,"General",2025-10-30,2025-11-06,7,5.62385113721991
1506,7507,1,"General",2025-10-30,2025-11-06,7,5.3527361236812
1583,8194,6,"Career",2025-10-30,2025-11-11,12,1.01544198371493
1593,7650,4,"Financial Aid",2025-10-30,2025-11-09,10,3.09067934582554
1629,8494,3,"General",2025-10-30,2025-11-08,9,2.56599596910072
1693,5137,3,"Career",2025-10-30,2025-11-11,12,2.36633537116067
1938,5224,4,"General",2025-10-30,2025-11-11,12,1.0402677358563
2226,6969,1,"Financial Aid",2025-10-30,2025-11-08,9,3.21397464438939
2245,7555,4,"Career",2025-10-30,2025-11-06,7,4.48022570860081
2268,6061,4,"General",2025-10-30,2025-11-11,12,1.36801786169056
2286,6350,5,"General",2025-10-30,2025-11-08,9,3.8351559948942
2310,8222,5,"General",2025-10-30,2025-11-11,12,1.74388607601687
2351,6312,1,"Financial Aid",2025-10-30,2025-11-10,11,2.03649398711605
2373,6885,6,"General",2025-10-30,2025-11-11,12,1
2393,8815,6,"General",2025-10-30,2025-11-06,7,5.41222159907676
1052,7273,4,"General",2025-10-31,2025-11-12,12,1
1152,5024,4,"Career",2025-10-31,2025-11-12,12,3.45885786174018
1223,8168,6,"General",2025-10-31,2025-11-09,9,2.3975953472402
1596,5280,3,"Financial Aid",2025-10-31,2025-11-11,11,2.47530026680491
1788,7425,4,"Career",2025-10-31,2025-11-08,8,4.76839622883588
1812,5937,4,"General",2025-10-31,2025-11-12,12,1.19971154389166
1866,8661,3,"General",2025-10-31,2025-11-12,12,1.82536548542083
1962,5062,6,"Financial Aid",2025-10-31,2025-11-08,8,4.08320920068306
1974,5486,6,"Financial Aid",2025-10-31,2025-11-12,12,2.77838252463508
2016,6718,3,"International",2025-10-31,2025-11-12,12,3.25624266150904
2024,5699,5,"General",2025-10-31,2025-11-08,8,5.80904934750523
2225,8553,2,"Career",2025-10-31,2025-11-09,9,3.44116928122447
2388,7570,6,"General",2025-10-31,2025-11-10,10,2.44822314157397
2485,6938,2,"General",2025-10-31,2025-11-11,11,1.32986560881726
1233,8577,6,"Career",2025-11-01,2025-11-03,2,8.60990868977895
1292,8032,3,"General",2025-11-01,2025-11-03,2,8.51949577944554
1360,5984,3,"International",2025-11-01,2025-11-05,4,6.79585165943331
1861,8181,4,"Financial Aid",2025-11-01,2025-11-05,4,5.81233758685521
2435,7680,2,"General",2025-11-01,2025-11-02,1,10.3592059890568
2499,7569,4,"General",2025-11-01,2025-11-02,1,10.6586551376659
2068,5098,2,"General",2025-11-02,2025-11-03,1,10.86640934715
2197,6847,3,"International",2025-11-02,2025-11-04,2,9.28145626886742
2289,6039,1,"General",2025-11-02,2025-11-03,1,7.47795744987861
2294,7767,1,"General",2025-11-02,2025-11-03,1,10.0465967062544
1382,8192,2,"General",2025-11-03,2025-11-05,2,8.41039639731105
1890,5815,5,"General",2025-11-03,2025-11-04,1,8.75233336119352
1442,7249,1,"General",2025-11-04,2025-11-06,2,10.4694288947894
1452,5681,2,"Financial Aid",2025-11-04,2025-11-05,1,9.83472471282575
1956,6990,3,"Financial Aid",2025-11-04,2025-11-06,2,8.20713134246452
2002,7745,5,"General",2025-11-04,2025-11-08,4,7.10916183249534
2327,7156,2,"Financial Aid",2025-11-04,2025-11-05,1,10.5913149862164
1493,6207,5,"General",2025-11-05,2025-11-09,4,6.77808898367247
1690,5827,4,"General",2025-11-05,2025-11-08,3,7.46164863764379
1160,7309,6,"International",2025-11-06,2025-11-08,2,9.34774280837977
1533,5606,6,"Financial Aid",2025-11-06,2025-11-10,4,7.45435353093478
1765,5221,4,"General",2025-11-06,2025-11-08,2,9.38326955318522
1863,5352,5,"Career",2025-11-06,2025-11-10,4,7.42331432261072
1954,5009,3,"General",2025-11-07,2025-11-11,4,8.5753540999637
2224,8178,5,"General",2025-11-07,2025-11-08,1,8.94798821657218
1159,5622,4,"General",2025-11-08,2025-11-09,1,10.2562789753715
1365,7746,3,"International",2025-11-08,2025-11-12,4,7.11057760380094
1695,8294,4,"General",2025-11-08,2025-11-10,2,7.52410651309029
1945,6885,1,"Career",2025-11-08,2025-11-12,4,5.92842001381569
2232,7108,2,"General",2025-11-08,2025-11-09,1,7.04160289016025
2338,8279,4,"Financial Aid",2025-11-08,2025-11-09,1,9.91373875066852
1180,8923,2,"International",2025-11-09,2025-11-10,1,10.5234377201118
2199,5443,1,"General",2025-11-09,2025-11-13,4,7.57188245033391
1015,5164,1,"Financial Aid",2025-11-10,2025-11-11,1,8.58653335346227
1256,5539,5,"International",2025-11-10,2025-11-11,1,9.51986034542319
1389,7093,1,"General",2025-11-10,2025-11-11,1,10.964988665837
2277,5922,5,"International",2025-11-10,2025-11-11,1,12.3414436786122
2340,8122,2,"General",2025-11-10,2025-11-12,2,9.4363954369762
1378,7315,2,"Career",2025-11-11,2025-11-12,1,7.80924176801352
2058,7965,4,"General",2025-11-11,2025-11-13,2,8.45410607570671
2447,6132,6,"Career",2025-11-11,2025-11-13,2,9.88301326411342
1220,5525,1,"General",2025-11-12,2025-11-16,4,5.51439064494954
1642,5937,4,"General",2025-11-12,2025-11-13,1,8.33293637986197
2122,5068,4,"Career",2025-11-12,2025-11-15,3,7.16611129948728
2127,7336,6,"General",2025-11-12,2025-11-14,2,8.82333707227494
1140,8016,1,"Career",2025-11-13,2025-11-14,1,8.58479610013323
1314,6108,6,"General",2025-11-13,2025-11-17,4,7.83231823996164
1750,7445,5,"General",2025-11-13,2025-11-17,4,7.21716669016734
2230,5564,1,"Financial Aid",2025-11-13,2025-11-17,4,7.62409067609775
2321,7793,1,"Financial Aid",2025-11-13,2025-11-16,3,8.2392689456401
2375,7431,6,"General",2025-11-13,2025-11-15,2,7.96701522831487
2477,8483,3,"Career",2025-11-13,2025-11-14,1,10.8275615610981
1288,5462,1,"International",2025-11-14,2025-11-16,2,7.83117907618378
1321,5048,2,"General",2025-11-14,2025-11-16,2,8.81698319053122
1601,7575,6,"General",2025-11-14,2025-11-15,1,9.70450790679341
1789,7065,1,"Career",2025-11-14,2025-11-17,3,7.52299483936899
1833,7913,4,"General",2025-11-14,2025-11-16,2,9.02284921646724
2013,8725,3,"Financial Aid",2025-11-14,2025-11-17,3,7.05264065353665
2440,6426,1,"Financial Aid",2025-11-14,2025-11-18,4,8.42015088673532
1157,8309,6,"Financial Aid",2025-11-15,2025-11-18,3,6.94627543163619
1283,7897,1,"Career",2025-11-15,2025-11-16,1,8.78314599028529
1656,7021,3,"International",2025-11-15,2025-11-17,2,7.82298101123332
1973,8802,3,"International",2025-11-15,2025-11-19,4,7.05691873616133
2459,7099,1,"Financial Aid",2025-11-15,2025-11-17,2,10.0649238256894
1145,6577,4,"International",2025-11-16,2025-11-20,4,5.90618911684494
1326,8297,6,"General",2025-11-16,2025-11-20,4,7.5624335081347
1440,6432,4,"Career",2025-11-16,2025-11-20,4,7.23387322000315
1609,6545,3,"General",2025-11-16,2025-11-19,3,9.45611019965281
1614,5924,2,"General",2025-11-16,2025-11-19,3,9.66210241076161
1682,6017,6,"General",2025-11-16,2025-11-19,3,7.4442949926184
2267,7998,6,"General",2025-11-16,2025-11-20,4,6.16897209962671
2490,8025,1,"General",2025-11-16,2025-11-18,2,8.78118931536011
1080,8049,2,"General",2025-11-17,2025-11-18,1,11.3299835065501
1103,6645,3,"Financial Aid",2025-11-17,2025-11-20,3,8.80371547802546
1364,5541,3,"International",2025-11-17,2025-11-21,4,7.26945238267508
1380,7866,5,"General",2025-11-17,2025-11-18,1,10.3317032700989
1611,8049,1,"International",2025-11-17,2025-11-20,3,7.48548230630408
1930,8730,2,"General",2025-11-18,2025-11-19,1,9.70959710651546
2453,5926,3,"Career",2025-11-18,2025-11-20,2,7.67872206543407
2053,5994,6,"General",2025-11-19,2025-11-21,2,8.68153573133675
2188,7250,2,"General",2025-11-19,2025-11-20,1,10.487408764343
2396,7628,2,"General",2025-11-19,2025-11-20,1,10.0309473713947
1176,8285,2,"Financial Aid",2025-11-20,2025-11-21,1,9.63160759574357
1191,7088,4,"General",2025-11-20,2025-11-24,4,7.33750881058197
1717,7579,1,"Financial Aid",2025-11-20,2025-11-24,4,7.21922724499496
2448,8858,6,"General",2025-11-20,2025-11-21,1,11.0644368452547
1872,7587,4,"Career",2025-11-21,2025-11-25,4,7.22159459544215
1975,7345,2,"General",2025-11-21,2025-11-23,2,9.15901631715013
2264,8501,6,"International",2025-11-21,2025-11-22,1,9.71482953901385
2476,7529,6,"General",2025-11-21,2025-11-22,1,6.6467987546367
1202,8085,2,"Career",2025-11-22,2025-11-23,1,10.8434623647412
1589,7147,3,"Financial Aid",2025-11-22,2025-11-26,4,8.54528990783499
1849,6255,5,"General",2025-11-22,2025-11-25,3,8.78064646871114
1242,5200,4,"International",2025-11-23,2025-11-27,4,6.83323130504691
2124,6989,4,"General",2025-11-23,2025-11-24,1,9.61954436926551
2333,6499,1,"General",2025-11-23,2025-11-25,2,8.48949307333265
2368,7192,4,"General",2025-11-23,2025-11-24,1,9.74431048098449
1322,8210,2,"International",2025-11-24,2025-11-26,2,8.70273819178692
1479,7773,4,"General",2025-11-24,2025-11-26,2,8.69141841626925
1517,6082,5,"Financial Aid",2025-11-24,2025-11-28,4,7.18155465571159
2235,5261,5,"Career",2025-11-24,2025-11-26,2,7.32112879267217
1369,8013,4,"Financial Aid",2025-11-25,2025-11-27,2,8.78780001428237
1504,6929,4,"General",2025-11-25,2025-11-26,1,8.70114162086428
1604,7871,3,"Career",2025-11-25,2025-11-27,2,8.14533515443124
2281,6224,6,"General",2025-11-25,2025-11-26,1,10.893283912567
2313,8054,2,"General",2025-11-25,2025-11-26,1,9.2794161972903
1246,7014,1,"General",2025-11-26,2025-11-27,1,9.47105013683231
1822,5690,1,"Financial Aid",2025-11-26,2025-11-30,4,6.65768285409238
1854,7550,1,"General",2025-11-26,2025-11-28,2,8.66915172027804
1891,5529,5,"General",2025-11-26,2025-11-27,1,8.1896759790216
1901,7994,5,"Career",2025-11-26,2025-11-27,1,9.67851177124337
2040,7713,1,"International",2025-11-26,2025-11-27,1,9.38132878642057
1229,8870,5,"Career",2025-11-27,2025-12-01,4,6.83829874735421
1304,8893,1,"International",2025-11-27,2025-12-01,4,7.53505504807597
1587,6390,3,"General",2025-11-27,2025-11-28,1,9.63555003954365
1725,5274,5,"General",2025-11-27,2025-12-01,4,7.72715647585965
1965,5034,2,"International",2025-11-27,2025-11-30,3,8.5017522175796
2044,8482,5,"General",2025-11-27,2025-12-01,4,6.7923956723002
2179,5485,3,"General",2025-11-27,2025-11-28,1,9.66564105600451
1099,6943,3,"General",2025-11-28,2025-11-29,1,9.91518847513659
1173,7909,5,"Career",2025-11-28,2025-11-30,2,9.48923868919739
2160,5026,2,"General",2025-11-28,2025-12-02,4,6.10317539204835
2213,8179,3,"Career",2025-11-28,2025-12-02,4,5.02836842272502
2323,5636,2,"General",2025-11-28,2025-12-02,4,7.07644256606473
1696,8035,6,"Career",2025-11-29,2025-12-01,2,8.26455100187239
1821,8731,3,"General",2025-11-29,2025-12-02,3,8.72706979782494
1933,6904,3,"General",2025-11-29,2025-11-30,1,8.17523845636994
1943,6764,6,"Career",2025-11-29,2025-12-01,2,9.4197815565816
1004,6097,3,"General",2025-11-30,2025-12-04,4,5.99527361388341
1706,5104,1,"Career",2025-11-30,2025-12-02,2,7.10806470210167
2187,6788,6,"General",2025-11-30,2025-12-03,3,9.17731401636561
2379,6356,4,"Financial Aid",2025-11-30,2025-12-04,4,6.2513029174566
2414,8113,3,"International",2025-12-01,2025-12-03,2,6.73068134888535
2465,6153,5,"General",2025-12-01,2025-12-05,4,7.01255344931193
1848,8796,4,"General",2025-12-02,2025-12-06,4,8.41638773591374
2425,7471,6,"Financial Aid",2025-12-02,2025-12-06,4,8.33509370868278
1130,5426,3,"International",2025-12-03,2025-12-05,2,7.14907232211923
1329,5291,2,"Financial Aid",2025-12-03,2025-12-05,2,6.52332776837576
2103,7179,3,"General",2025-12-03,2025-12-05,2,9.01116536251171
2258,6246,3,"Career",2025-12-03,2025-12-04,1,8.05505280211941
2346,8282,4,"General",2025-12-03,2025-12-04,1,8.52635480359759
2403,5686,2,"Financial Aid",2025-12-03,2025-12-06,3,9.33457505054225
1032,8943,2,"Financial Aid",2025-12-04,2025-12-06,2,8.48929940931342
1079,7156,4,"International",2025-12-04,2025-12-05,1,10.5495668738079
1444,8730,4,"General",2025-12-04,2025-12-05,1,10.8011062611427
1509,8818,5,"General",2025-12-04,2025-12-08,4,7.46621099629136
1649,7132,5,"General",2025-12-04,2025-12-05,1,9.04586107459701
1850,5802,1,"General",2025-12-04,2025-12-08,4,7.43012334651186
1935,7343,1,"Financial Aid",2025-12-04,2025-12-06,2,9.89627958452167
2086,7823,4,"Career",2025-12-04,2025-12-08,4,5.9180160025693
1303,7741,2,"Financial Aid",2025-12-05,2025-12-08,3,6.99363047769523
1394,5375,6,"Career",2025-12-05,2025-12-09,4,7.24271503584148
1458,8245,3,"General",2025-12-05,2025-12-08,3,7.52020146220243
1699,8155,4,"General",2025-12-05,2025-12-08,3,7.85051628411576
1702,5687,2,"Financial Aid",2025-12-05,2025-12-07,2,8.56891181179589
1793,8463,3,"Career",2025-12-05,2025-12-07,2,9.5399358517758
1957,6092,3,"General",2025-12-05,2025-12-08,3,8.58150600591552
1077,5102,4,"Career",2025-12-06,2025-12-09,3,8.2488972933901
1234,8039,6,"International",2025-12-06,2025-12-07,1,8.92534590449594
1262,5770,3,"General",2025-12-06,2025-12-07,1,8.36812625174829
1577,6792,5,"Financial Aid",2025-12-06,2025-12-09,3,6.07377326652233
1662,6580,3,"General",2025-12-06,2025-12-09,3,8.43379671504667
1772,5667,4,"General",2025-12-06,2025-12-10,4,8.12884387639993
2280,7364,2,"Career",2025-12-06,2025-12-08,2,7.67429867323026
1071,7745,5,"Career",2025-12-07,2025-12-11,4,6.58187633398712
1123,6308,5,"General",2025-12-07,2025-12-09,2,7.1059843161091
1464,6713,4,"General",2025-12-07,2025-12-11,4,7.86336972141763
1783,5317,5,"General",2025-12-07,2025-12-10,3,7.45805089063581
1272,8630,3,"Financial Aid",2025-12-08,2025-12-09,1,8.2369893838949
1455,5528,1,"International",2025-12-08,2025-12-11,3,6.90541175168152
1623,6642,5,"General",2025-12-08,2025-12-11,3,7.24710909437963
2163,8317,4,"Financial Aid",2025-12-08,2025-12-10,2,8.95340526754172
2443,6419,4,"International",2025-12-08,2025-12-12,4,6.59191380761519
1317,8941,3,"General",2025-12-09,2025-12-12,3,8.47924728130385
2153,7069,6,"International",2025-12-09,2025-12-13,4,8.1927781294877
1125,6643,5,"Financial Aid",2025-12-10,2025-12-13,3,7.06873170455174
1575,8645,1,"Financial Aid",2025-12-10,2025-12-14,4,6.20491998820195
1749,8108,1,"Career",2025-12-10,2025-12-12,2,8.47308128658453
1984,5157,6,"General",2025-12-10,2025-12-11,1,9.57477117086892
2036,8720,3,"General",2025-12-10,2025-12-14,4,6.57690177446433
2077,6535,4,"General",2025-12-10,2025-12-11,1,9.18685863542495
1307,8637,6,"Career",2025-12-11,2025-12-12,1,8.67110911078745
1412,7965,2,"General",2025-12-11,2025-12-13,2,8.7723623545173
1510,6400,6,"Financial Aid",2025-12-11,2025-12-13,2,8.94275799152435
1895,5560,1,"Financial Aid",2025-12-11,2025-12-12,1,8.5538003428928
1228,6150,6,"General",2025-12-12,2025-12-13,1,8.60797859251166
1776,6719,3,"General",2025-12-12,2025-12-13,1,9.51694028272675
1869,5057,2,"Financial Aid",2025-12-12,2025-12-13,1,10.3833881599772
2309,8172,1,"Financial Aid",2025-12-12,2025-12-13,1,8.94007072573039
1042,7361,4,"General",2025-12-13,2025-12-15,2,8.11598387160914
1267,5669,1,"Career",2025-12-13,2025-12-14,1,10.6541197796238
1811,6815,4,"Financial Aid",2025-12-13,2025-12-16,3,7.17072319673586
2123,8878,5,"General",2025-12-13,2025-12-16,3,7.32089745180741
2422,7640,5,"Career",2025-12-13,2025-12-14,1,9.30511809576207
1366,6492,4,"General",2025-12-14,2025-12-17,3,8.61397484743149
1777,6581,3,"General",2025-12-14,2025-12-18,4,7.42917831599392
1790,5241,4,"Financial Aid",2025-12-14,2025-12-15,1,9.02323852695684
1968,8007,6,"General",2025-12-14,2025-12-18,4,7.13671010526486
2084,7995,4,"General",2025-12-14,2025-12-15,1,8.85232772826022
2233,7827,5,"Career",2025-12-14,2025-12-18,4,7.8409725515717
1410,8935,6,"Financial Aid",2025-12-15,2025-12-17,2,6.99767927647706
1541,5820,4,"Career",2025-12-15,2025-12-16,1,10.4075576751069
1771,8347,4,"International",2025-12-15,2025-12-18,3,8.48461857640658
2099,6463,2,"Career",2025-12-15,2025-12-19,4,7.46485272341081
1035,5480,4,"Financial Aid",2025-12-16,2025-12-18,2,9.29642001555404
1226,7229,6,"General",2025-12-16,2025-12-19,3,8.80474702783589
1396,5279,4,"Financial Aid",2025-12-16,2025-12-19,3,6.8854133791929
1878,7418,4,"Financial Aid",2025-12-16,2025-12-18,2,8.551155485281
1905,5677,2,"Career",2025-12-16,2025-12-18,2,6.20916072429579
2106,8618,2,"General",2025-12-16,2025-12-20,4,8.20388342749227
1373,7135,2,"General",2025-12-17,2025-12-18,1,9.13397136388127
1625,6250,4,"Career",2025-12-17,2025-12-19,2,8.57982575231403
1760,5945,2,"General",2025-12-17,2025-12-18,1,9.81071944803386
1896,7771,6,"Financial Aid",2025-12-17,2025-12-21,4,8.94974595003817
1536,7185,5,"General",2025-12-18,2025-12-21,3,7.37721265209163
1751,7532,5,"General",2025-12-18,2025-12-20,2,8.09025409587209
2097,8824,2,"International",2025-12-18,2025-12-22,4,8.56617966439127
2195,5956,6,"General",2025-12-18,2025-12-20,2,8.55707921032607
2101,6195,1,"Financial Aid",2025-12-19,2025-12-22,3,6.1969237689143
2352,6431,1,"Career",2025-12-19,2025-12-22,3,9.26153368770951
1083,5075,1,"General",2025-12-20,2025-12-22,2,8.37515593851424
1391,5858,5,"International",2025-12-20,2025-12-22,2,9.27281797790119
1657,6324,1,"General",2025-12-20,2025-12-24,4,7.75312373147832
1730,8339,4,"Financial Aid",2025-12-20,2025-12-22,2,8.05349496812095
1934,8568,4,"Financial Aid",2025-12-20,2025-12-24,4,8.87391190543302
1958,7903,3,"General",2025-12-20,2025-12-21,1,8.65649731139333
