"Request_ID","Student_ID","Request_Date","Appt_Type","Urgency"
1221,8739,2025-08-01,"General",4
1247,6405,2025-08-01,"Financial Aid",2
1512,6602,2025-08-01,"General",2
1667,6272,2025-08-01,"Career",1
1756,5721,2025-08-01,"General",1
1799,7721,2025-08-01,"Career",2
1836,8760,2025-08-01,"General",3
1883,7018,2025-08-01,"General",2
1942,5237,2025-08-01,"Career",3
2035,6134,2025-08-01,"Career",5
2071,5152,2025-08-01,"International",5
2161,8015,2025-08-01,"General",3
2170,6693,2025-08-01,"General",5
2198,5416,2025-08-01,"General",2
2215,8173,2025-08-01,"General",5
2254,6788,2025-08-01,"Career",2
2263,8477,2025-08-01,"Career",2
2293,8131,2025-08-01,"International",5
2392,6478,2025-08-01,"Career",2
1171,5798,2025-08-02,"General",5
1193,8649,2025-08-02,"Career",3
1203,5161,2025-08-02,"General",2
1245,6292,2025-08-02,"Financial Aid",1
1494,5842,2025-08-02,"General",3
1640,5825,2025-08-02,"General",5
1659,7173,2025-08-02,"General",2
1704,5863,2025-08-02,"Financial Aid",4
1744,6034,2025-08-02,"General",1
1780,6009,2025-08-02,"General",5
1913,6376,2025-08-02,"Career",1
2043,8462,2025-08-02,"Career",4
2273,7608,2025-08-02,"Financial Aid",2
2282,5405,2025-08-02,"International",3
2342,8158,2025-08-02,"International",3
2423,8209,2025-08-02,"International",3
1007,5633,2025-08-03,"General",1
1181,7811,2025-08-03,"International",4
1495,6413,2025-08-03,"Career",3
1549,6191,2025-08-03,"Career",3
1648,5750,2025-08-03,"General",2
1716,6335,2025-08-03,"General",2
1800,8519,2025-08-03,"Financial Aid",1
1882,5488,2025-08-03,"General",1
1899,5029,2025-08-03,"General",2
1952,5070,2025-08-03,"General",4
2102,5373,2025-08-03,"General",3
2291,6686,2025-08-03,"Financial Aid",3
2319,7974,2025-08-03,"General",3
2401,6325,2025-08-03,"Career",3
2479,7523,2025-08-03,"General",1
2492,6416,2025-08-03,"General",3
1108,8043,2025-08-04,"Career",4
1121,6781,2025-08-04,"Career",2
1168,7805,2025-08-04,"Career",4
1249,8134,2025-08-04,"Career",4
1266,5704,2025-08-04,"General",5
1318,8008,2025-08-04,"International",2
1358,8497,2025-08-04,"International",4
1387,8489,2025-08-04,"General",1
1556,6142,2025-08-04,"General",5
1643,7472,2025-08-04,"International",4
1691,5614,2025-08-04,"International",5
1712,6894,2025-08-04,"General",3
1735,8772,2025-08-04,"General",1
1828,5020,2025-08-04,"General",2
1894,6689,2025-08-04,"Career",2
1908,6949,2025-08-04,"International",4
1960,8204,2025-08-04,"Financial Aid",5
1980,8545,2025-08-04,"General",3
2278,5658,2025-08-04,"General",5
2292,5212,2025-08-04,"Financial Aid",4
2398,7643,2025-08-04,"Financial Aid",1
1138,6741,2025-08-05,"General",2
1231,6578,2025-08-05,"General",4
1265,6035,2025-08-05,"General",3
1448,7178,2025-08-05,"General",2
1661,7203,2025-08-05,"International",5
1675,6956,2025-08-05,"Financial Aid",2
1797,6171,2025-08-05,"General",4
1966,7306,2025-08-05,"General",4
2089,7237,2025-08-05,"Financial Aid",4
2154,6760,2025-08-05,"General",3
1091,8803,2025-08-06,"General",4
1113,7449,2025-08-06,"Financial Aid",4
1182,7830,2025-08-06,"International",5
1339,8987,2025-08-06,"General",5
1425,6077,2025-08-06,"International",1
1490,8416,2025-08-06,"Career",4
1532,5002,2025-08-06,"General",2
1569,7917,2025-08-06,"General",2
1591,8529,2025-08-06,"General",5
1607,5742,2025-08-06,"Career",3
1668,5764,2025-08-06,"Financial Aid",5
1710,5102,2025-08-06,"General",3
1801,6300,2025-08-06,"General",5
1871,5479,2025-08-06,"Financial Aid",1
1909,5174,2025-08-06,"General",5
1950,8779,2025-08-06,"Career",5
1987,7738,2025-08-06,"General",2
2025,6271,2025-08-06,"International",1
2180,8681,2025-08-06,"General",4
2237,7029,2025-08-06,"Career",1
2290,6095,2025-08-06,"Financial Aid",5
2400,6238,2025-08-06,"General",4
2408,8173,2025-08-06,"International",1
1043,8719,2025-08-07,"Financial Aid",1
1209,5905,2025-08-07,"General",2
1263,5740,2025-08-07,"General",1
1281,6944,2025-08-07,"Financial Aid",4
1282,8586,2025-08-07,"General",1
1289,7652,2025-08-07,"International",1
1344,5731,2025-08-07,"Career",5
1411,8429,2025-08-07,"General",1
1429,7976,2025-08-07,"General",4
1499,6215,2025-08-07,"Career",2
1635,6789,2025-08-07,"Financial Aid",4
1705,8970,2025-08-07,"Career",5
1826,6725,2025-08-07,"General",5
1834,7419,2025-08-07,"Career",5
1924,8733,2025-08-07,"General",4
1964,5488,2025-08-07,"Financial Aid",4
1978,7579,2025-08-07,"General",1
1995,6790,2025-08-07,"International",5
2095,7058,2025-08-07,"General",2
2131,5689,2025-08-07,"General",5
2148,8957,2025-08-07,"General",3
2159,7121,2025-08-07,"Financial Aid",4
2184,6808,2025-08-07,"Financial Aid",1
2339,8533,2025-08-07,"General",2
2384,6499,2025-08-07,"Financial Aid",2
1216,8056,2025-08-08,"Financial Aid",1
1219,5077,2025-08-08,"General",2
1400,6427,2025-08-08,"General",5
1480,8058,2025-08-08,"Career",1
1516,7684,2025-08-08,"General",1
1542,7916,2025-08-08,"Career",3
1560,8640,2025-08-08,"Financial Aid",1
1613,5658,2025-08-08,"Career",1
1622,5157,2025-08-08,"Career",3
1630,5819,2025-08-08,"Career",5
1634,7730,2025-08-08,"General",3
1678,7280,2025-08-08,"International",2
1779,5759,2025-08-08,"General",2
1831,5958,2025-08-08,"Financial Aid",5
1983,8045,2025-08-08,"Financial Aid",5
2026,6828,2025-08-08,"General",2
2032,8371,2025-08-08,"Career",1
2046,7987,2025-08-08,"General",4
2158,6295,2025-08-08,"General",4
2190,8238,2025-08-08,"General",1
2347,5431,2025-08-08,"General",5
2427,8478,2025-08-08,"Career",4
2473,8039,2025-08-08,"General",4
1072,5649,2025-08-09,"General",4
1087,8618,2025-08-09,"Career",1
1179,8589,2025-08-09,"General",2
1199,7154,2025-08-09,"Financial Aid",4
1232,8763,2025-08-09,"Career",2
1320,7287,2025-08-09,"General",3
1347,7504,2025-08-09,"General",4
1423,6401,2025-08-09,"Career",4
1460,5093,2025-08-09,"Financial Aid",5
1540,8667,2025-08-09,"General",1
1620,6884,2025-08-09,"Financial Aid",1
1621,8575,2025-08-09,"Career",1
1644,7299,2025-08-09,"International",4
1946,5568,2025-08-09,"General",5
2010,6533,2025-08-09,"Career",1
2096,6882,2025-08-09,"International",3
2115,6066,2025-08-09,"Financial Aid",2
2155,6794,2025-08-09,"Career",2
2431,8162,2025-08-09,"Career",3
2498,5391,2025-08-09,"General",2
1010,6326,2025-08-10,"General",4
1020,6902,2025-08-10,"General",3
1041,7453,2025-08-10,"General",3
1047,7193,2025-08-10,"Financial Aid",2
1054,8426,2025-08-10,"General",2
1062,7437,2025-08-10,"General",1
1067,8476,2025-08-10,"General",2
1151,6692,2025-08-10,"General",5
1164,8517,2025-08-10,"Financial Aid",5
1252,8699,2025-08-10,"International",2
1404,7253,2025-08-10,"General",5
1445,5334,2025-08-10,"General",5
1520,7749,2025-08-10,"Career",3
1522,8233,2025-08-10,"General",2
1525,7040,2025-08-10,"International",4
1580,8865,2025-08-10,"International",2
1650,6056,2025-08-10,"Career",1
1939,5822,2025-08-10,"Career",3
1992,8206,2025-08-10,"General",1
2041,7408,2025-08-10,"Financial Aid",5
2189,5007,2025-08-10,"International",4
2205,7481,2025-08-10,"General",2
2211,6100,2025-08-10,"International",3
2271,6706,2025-08-10,"International",3
2371,8190,2025-08-10,"Career",3
2376,8320,2025-08-10,"International",2
2380,8153,2025-08-10,"Financial Aid",4
2413,8497,2025-08-10,"Financial Aid",3
1036,6321,2025-08-11,"Career",4
1110,5099,2025-08-11,"International",4
1146,7089,2025-08-11,"Career",5
1206,6630,2025-08-11,"General",3
1213,8108,2025-08-11,"Financial Aid",5
1297,8644,2025-08-11,"General",3
1357,6315,2025-08-11,"General",1
1375,6974,2025-08-11,"Career",3
1447,6270,2025-08-11,"International",4
1449,6173,2025-08-11,"General",4
1664,8535,2025-08-11,"General",2
1679,5521,2025-08-11,"General",2
1830,6386,2025-08-11,"General",3
1961,5788,2025-08-11,"Financial Aid",5
2066,6597,2025-08-11,"Career",3
2171,7776,2025-08-11,"International",4
2192,7963,2025-08-11,"General",4
2374,5824,2025-08-11,"General",5
2402,8858,2025-08-11,"General",4
2416,8874,2025-08-11,"General",1
2487,8089,2025-08-11,"Career",3
1034,6337,2025-08-12,"Career",3
1163,5298,2025-08-12,"Career",4
1200,5316,2025-08-12,"General",1
1306,6590,2025-08-12,"General",1
1330,5147,2025-08-12,"Financial Aid",5
1351,7162,2025-08-12,"Career",4
1430,6646,2025-08-12,"General",1
1446,8117,2025-08-12,"Career",3
1459,7320,2025-08-12,"General",4
1474,5828,2025-08-12,"Financial Aid",3
1602,6778,2025-08-12,"International",2
1628,5097,2025-08-12,"Career",5
1752,7303,2025-08-12,"General",4
1986,5477,2025-08-12,"Career",4
2008,5691,2025-08-12,"General",1
2093,6362,2025-08-12,"General",5
2116,7496,2025-08-12,"General",5
2142,5854,2025-08-12,"Career",4
2251,8884,2025-08-12,"General",2
2284,6607,2025-08-12,"Career",3
2378,5466,2025-08-12,"International",3
2383,6904,2025-08-12,"General",5
2407,6985,2025-08-12,"Financial Aid",1
2464,8533,2025-08-12,"General",1
1129,7685,2025-08-13,"Career",4
1197,7584,2025-08-13,"General",4
1205,7753,2025-08-13,"Career",5
1291,7131,2025-08-13,"Career",2
1308,8070,2025-08-13,"General",4
1406,6824,2025-08-13,"Career",5
1432,8283,2025-08-13,"General",5
1498,6677,2025-08-13,"Career",1
1919,7139,2025-08-13,"Career",1
2082,8750,2025-08-13,"Career",5
2108,6980,2025-08-13,"General",5
2113,8570,2025-08-13,"Financial Aid",5
2126,6292,2025-08-13,"Career",2
2208,6481,2025-08-13,"Career",4
2305,6169,2025-08-13,"Career",5
2390,7989,2025-08-13,"Career",5
1334,8184,2025-08-14,"Career",5
1553,7379,2025-08-14,"Financial Aid",2
1598,7583,2025-08-14,"General",3
1711,7577,2025-08-14,"General",3
1731,5162,2025-08-14,"General",2
1754,5688,2025-08-14,"General",5
1813,8228,2025-08-14,"Career",3
1827,7578,2025-08-14,"Financial Aid",5
1843,7744,2025-08-14,"General",2
2057,5577,2025-08-14,"General",4
2061,6788,2025-08-14,"International",5
2083,5069,2025-08-14,"Financial Aid",1
2090,6815,2025-08-14,"Career",1
2202,5847,2025-08-14,"General",4
2223,6207,2025-08-14,"Financial Aid",4
2242,7899,2025-08-14,"International",2
2262,8061,2025-08-14,"Career",4
2266,8246,2025-08-14,"General",5
2417,6111,2025-08-14,"International",1
2426,8992,2025-08-14,"General",1
1187,5253,2025-08-15,"Career",1
1225,7530,2025-08-15,"Career",1
1390,8358,2025-08-15,"General",2
1435,6845,2025-08-15,"International",5
1461,7377,2025-08-15,"Career",4
1551,7543,2025-08-15,"Financial Aid",1
1558,5726,2025-08-15,"General",5
1561,5026,2025-08-15,"International",5
1651,8978,2025-08-15,"Financial Aid",2
1684,5986,2025-08-15,"International",2
1698,5684,2025-08-15,"General",1
1757,7874,2025-08-15,"Career",2
1864,7303,2025-08-15,"Financial Aid",4
1931,9000,2025-08-15,"Career",3
2269,5619,2025-08-15,"Financial Aid",1
1027,7014,2025-08-16,"General",5
1045,5835,2025-08-16,"Career",3
1051,6539,2025-08-16,"General",3
1101,5913,2025-08-16,"Financial Aid",4
1116,8252,2025-08-16,"General",3
1207,6567,2025-08-16,"General",5
1222,8961,2025-08-16,"Financial Aid",2
1224,8812,2025-08-16,"General",5
1227,8545,2025-08-16,"Career",5
1340,8697,2025-08-16,"International",4
1388,6818,2025-08-16,"Financial Aid",4
1437,8782,2025-08-16,"Career",5
1546,5707,2025-08-16,"General",2
1641,7838,2025-08-16,"International",1
1720,5752,2025-08-16,"Career",5
1758,6653,2025-08-16,"General",2
1761,5038,2025-08-16,"General",1
1807,5746,2025-08-16,"Financial Aid",2
1829,8050,2025-08-16,"General",2
1856,5808,2025-08-16,"General",3
1949,8899,2025-08-16,"General",3
2194,8829,2025-08-16,"General",4
2350,6478,2025-08-16,"General",3
2353,7254,2025-08-16,"Financial Aid",4
2436,6496,2025-08-16,"General",5
1061,5261,2025-08-17,"General",2
1107,5148,2025-08-17,"General",2
1115,7828,2025-08-17,"Financial Aid",5
1118,7898,2025-08-17,"Career",4
1132,6135,2025-08-17,"General",5
1161,8575,2025-08-17,"General",4
1259,8719,2025-08-17,"Career",5
1342,5168,2025-08-17,"Career",5
1356,6236,2025-08-17,"Financial Aid",3
1363,5624,2025-08-17,"General",3
1398,7803,2025-08-17,"General",3
1618,6709,2025-08-17,"Career",1
1671,8173,2025-08-17,"General",1
1715,7590,2025-08-17,"General",4
1737,5489,2025-08-17,"General",2
1796,8613,2025-08-17,"General",2
1842,5419,2025-08-17,"General",4
1898,7919,2025-08-17,"Financial Aid",2
1959,7213,2025-08-17,"General",4
1985,6749,2025-08-17,"Financial Aid",1
2012,7242,2025-08-17,"Career",1
2349,6326,2025-08-17,"General",2
2411,5393,2025-08-17,"General",4
2482,6225,2025-08-17,"Career",1
1095,5987,2025-08-18,"International",5
1139,6924,2025-08-18,"General",4
1156,8920,2025-08-18,"General",3
1230,8564,2025-08-18,"Career",2
1497,5196,2025-08-18,"General",1
1608,7242,2025-08-18,"General",1
1633,5426,2025-08-18,"Financial Aid",2
1734,6055,2025-08-18,"International",2
1798,6842,2025-08-18,"General",2
1914,8562,2025-08-18,"General",4
2087,8742,2025-08-18,"Financial Aid",4
2229,7213,2025-08-18,"Career",5
2366,6818,2025-08-18,"General",2
2439,6499,2025-08-18,"Financial Aid",5
2472,5745,2025-08-18,"General",4
1001,7608,2025-08-19,"General",5
1057,5944,2025-08-19,"General",1
1094,6348,2025-08-19,"Career",2
1109,6592,2025-08-19,"Career",1
1135,5950,2025-08-19,"General",4
1137,6164,2025-08-19,"Financial Aid",4
1294,8957,2025-08-19,"Career",3
1316,5152,2025-08-19,"General",2
1341,7297,2025-08-19,"General",2
1361,7485,2025-08-19,"Financial Aid",1
1372,6225,2025-08-19,"Financial Aid",3
1409,8372,2025-08-19,"Career",5
1581,8833,2025-08-19,"Career",3
1638,6140,2025-08-19,"General",3
1707,5175,2025-08-19,"International",3
1709,5140,2025-08-19,"Career",1
1832,7539,2025-08-19,"General",2
1893,6173,2025-08-19,"International",4
2132,7697,2025-08-19,"General",3
2256,6329,2025-08-19,"General",5
2312,8505,2025-08-19,"Career",1
2387,6696,2025-08-19,"Financial Aid",1
2442,5352,2025-08-19,"General",1
2460,8371,2025-08-19,"General",4
2489,7997,2025-08-19,"Financial Aid",3
2493,5124,2025-08-19,"General",1
1006,8217,2025-08-20,"International",2
1142,7959,2025-08-20,"Career",1
1214,6161,2025-08-20,"General",3
1239,7915,2025-08-20,"General",4
1393,5867,2025-08-20,"International",5
1395,7868,2025-08-20,"General",4
1456,5081,2025-08-20,"General",5
1472,5472,2025-08-20,"General",5
1511,5131,2025-08-20,"General",4
1666,6159,2025-08-20,"Financial Aid",2
1786,7315,2025-08-20,"General",4
1817,8286,2025-08-20,"General",3
1941,5545,2025-08-20,"Financial Aid",1
2005,6168,2025-08-20,"General",5
2125,5719,2025-08-20,"Career",4
2176,5235,2025-08-20,"Financial Aid",3
2236,6744,2025-08-20,"General",1
2386,6353,2025-08-20,"General",5
2468,8549,2025-08-20,"Financial Aid",2
1131,7489,2025-08-21,"General",2
1253,6792,2025-08-21,"General",3
1287,6787,2025-08-21,"Financial Aid",4
1426,7561,2025-08-21,"General",4
1433,7794,2025-08-21,"International",3
1557,5618,2025-08-21,"General",2
1636,8097,2025-08-21,"Financial Aid",4
1762,7028,2025-08-21,"Career",2
1907,5832,2025-08-21,"General",3
1970,5812,2025-08-21,"General",5
1979,6456,2025-08-21,"Financial Aid",2
2059,7724,2025-08-21,"Financial Aid",1
2075,8930,2025-08-21,"Financial Aid",5
2085,5411,2025-08-21,"General",5
2094,7643,2025-08-21,"Financial Aid",5
2162,5982,2025-08-21,"General",3
2164,7312,2025-08-21,"General",2
2259,8085,2025-08-21,"General",1
2270,6267,2025-08-21,"Career",3
2326,6936,2025-08-21,"Career",3
2389,8084,2025-08-21,"General",5
1049,6371,2025-08-22,"General",4
1076,5944,2025-08-22,"Financial Aid",2
1093,8053,2025-08-22,"Career",3
1270,6886,2025-08-22,"General",2
1359,8285,2025-08-22,"General",5
1462,5932,2025-08-22,"General",2
1585,6870,2025-08-22,"General",4
1590,6733,2025-08-22,"International",5
1673,8961,2025-08-22,"Financial Aid",2
1732,8763,2025-08-22,"General",2
1838,7674,2025-08-22,"General",1
1947,7870,2025-08-22,"General",1
1990,6184,2025-08-22,"General",3
2136,7145,2025-08-22,"General",3
2222,8250,2025-08-22,"Financial Aid",4
2357,6377,2025-08-22,"Financial Aid",3
2428,6215,2025-08-22,"General",1
1008,7096,2025-08-23,"Financial Aid",3
1070,6893,2025-08-23,"General",3
1149,6274,2025-08-23,"Financial Aid",4
1178,5606,2025-08-23,"General",4
1244,5061,2025-08-23,"Career",1
1399,5980,2025-08-23,"International",1
1491,6281,2025-08-23,"Financial Aid",2
1502,6216,2025-08-23,"Career",2
1722,5706,2025-08-23,"Career",3
1803,8070,2025-08-23,"International",1
1837,8907,2025-08-23,"International",1
1851,6721,2025-08-23,"Career",3
1917,5909,2025-08-23,"General",1
2295,7142,2025-08-23,"General",4
2296,8060,2025-08-23,"General",1
2337,8259,2025-08-23,"Financial Aid",2
1030,8283,2025-08-24,"International",4
1037,7071,2025-08-24,"General",3
1058,8316,2025-08-24,"Career",2
1100,6904,2025-08-24,"General",2
1147,5759,2025-08-24,"Career",4
1261,8279,2025-08-24,"General",4
1343,5906,2025-08-24,"Career",3
1368,5916,2025-08-24,"General",1
1370,8630,2025-08-24,"International",2
1407,5604,2025-08-24,"International",3
1475,6254,2025-08-24,"International",2
1503,6448,2025-08-24,"Career",2
1681,6211,2025-08-24,"International",4
1689,8139,2025-08-24,"Financial Aid",4
1855,8299,2025-08-24,"Career",2
1972,8868,2025-08-24,"General",1
2064,5323,2025-08-24,"Career",5
2151,7361,2025-08-24,"Financial Aid",4
2240,8178,2025-08-24,"International",3
2253,8572,2025-08-24,"General",2
2261,7400,2025-08-24,"Financial Aid",1
2279,6193,2025-08-24,"General",5
2345,8892,2025-08-24,"General",3
2355,6029,2025-08-24,"General",2
2462,5519,2025-08-24,"Financial Aid",4
2478,6788,2025-08-24,"General",3
1302,7969,2025-08-25,"General",3
1419,5927,2025-08-25,"Career",1
1531,8245,2025-08-25,"Career",1
1545,6773,2025-08-25,"General",5
1714,7180,2025-08-25,"Career",1
1795,8559,2025-08-25,"Career",4
1839,8392,2025-08-25,"Career",4
2017,6992,2025-08-25,"Career",3
2065,7129,2025-08-25,"General",1
2134,7665,2025-08-25,"Financial Aid",1
2150,7474,2025-08-25,"Career",4
2234,7548,2025-08-25,"General",2
2238,5384,2025-08-25,"General",5
2308,8668,2025-08-25,"General",3
2365,8290,2025-08-25,"International",1
1084,8027,2025-08-26,"Career",2
1134,8356,2025-08-26,"General",4
1148,6888,2025-08-26,"General",5
1170,5753,2025-08-26,"General",5
1346,8433,2025-08-26,"Financial Aid",1
1379,6716,2025-08-26,"General",3
1487,7665,2025-08-26,"Financial Aid",1
1544,7716,2025-08-26,"International",5
1595,7551,2025-08-26,"General",1
1603,8074,2025-08-26,"General",4
1617,7422,2025-08-26,"International",2
1694,5711,2025-08-26,"General",1
1820,7422,2025-08-26,"General",1
1865,6088,2025-08-26,"General",5
1884,8735,2025-08-26,"Financial Aid",3
1994,7583,2025-08-26,"Career",2
2038,8778,2025-08-26,"Career",4
2081,8752,2025-08-26,"General",2
2109,5064,2025-08-26,"General",5
2120,7114,2025-08-26,"Career",3
2128,6399,2025-08-26,"General",1
2137,8279,2025-08-26,"Career",3
2227,6942,2025-08-26,"General",1
2247,7173,2025-08-26,"General",4
2320,8035,2025-08-26,"Financial Aid",3
2324,5072,2025-08-26,"General",5
2399,8314,2025-08-26,"Career",2
1056,5726,2025-08-27,"General",4
1092,8319,2025-08-27,"Financial Aid",1
1097,8713,2025-08-27,"General",2
1104,8431,2025-08-27,"General",2
1141,5310,2025-08-27,"General",1
1274,8269,2025-08-27,"General",2
1422,5652,2025-08-27,"General",4
1478,8187,2025-08-27,"General",1
1505,6072,2025-08-27,"International",4
1550,8158,2025-08-27,"General",2
1592,6019,2025-08-27,"Career",2
1639,5645,2025-08-27,"Career",5
1782,6633,2025-08-27,"Financial Aid",1
1876,5360,2025-08-27,"Financial Aid",2
1912,6064,2025-08-27,"Financial Aid",5
2003,7980,2025-08-27,"Financial Aid",5
2067,7660,2025-08-27,"Financial Aid",1
2156,5077,2025-08-27,"General",1
2311,5249,2025-08-27,"Financial Aid",3
2354,8655,2025-08-27,"Financial Aid",5
2430,5359,2025-08-27,"General",3
2455,5076,2025-08-27,"Financial Aid",5
1028,5620,2025-08-28,"Financial Aid",3
1154,5702,2025-08-28,"General",2
1158,7573,2025-08-28,"General",2
1165,7767,2025-08-28,"General",4
1271,7724,2025-08-28,"General",2
1352,8944,2025-08-28,"Career",2
1496,6822,2025-08-28,"Financial Aid",1
1501,8630,2025-08-28,"International",3
1548,7952,2025-08-28,"General",5
1687,6237,2025-08-28,"General",1
1858,5347,2025-08-28,"General",4
1889,7331,2025-08-28,"General",5
1953,6677,2025-08-28,"General",4
2009,8096,2025-08-28,"Financial Aid",4
2177,7835,2025-08-28,"Financial Aid",3
2185,7391,2025-08-28,"General",3
2276,6437,2025-08-28,"Financial Aid",2
2343,7980,2025-08-28,"Career",5
2438,5423,2025-08-28,"General",1
2481,5093,2025-08-28,"General",5
1074,5516,2025-08-29,"General",3
1075,5032,2025-08-29,"General",4
1484,8819,2025-08-29,"International",5
1486,8613,2025-08-29,"General",5
1594,6235,2025-08-29,"International",4
1626,7601,2025-08-29,"Financial Aid",3
1794,8698,2025-08-29,"General",3
1810,8111,2025-08-29,"General",4
1936,7506,2025-08-29,"General",5
1977,5481,2025-08-29,"General",4
2033,8371,2025-08-29,"Career",3
2105,7227,2025-08-29,"General",2
2112,8332,2025-08-29,"Financial Aid",3
2129,8838,2025-08-29,"Career",1
2133,8661,2025-08-29,"General",2
2322,7229,2025-08-29,"General",3
2370,8920,2025-08-29,"General",3
2394,5035,2025-08-29,"Financial Aid",4
2410,7662,2025-08-29,"Career",2
1021,5898,2025-08-30,"Career",1
1024,6306,2025-08-30,"General",1
1033,5258,2025-08-30,"General",4
1106,7343,2025-08-30,"General",5
1248,8195,2025-08-30,"General",5
1764,5203,2025-08-30,"Financial Aid",3
1781,7231,2025-08-30,"International",4
1835,8974,2025-08-30,"General",1
1911,6947,2025-08-30,"General",5
1929,5874,2025-08-30,"General",2
1967,5200,2025-08-30,"Career",3
1996,8905,2025-08-30,"International",2
2042,5767,2025-08-30,"International",3
2069,8881,2025-08-30,"General",2
2078,8990,2025-08-30,"General",3
2104,7206,2025-08-30,"General",3
2135,8318,2025-08-30,"Career",4
2183,6789,2025-08-30,"General",5
2203,8303,2025-08-30,"General",5
2214,5308,2025-08-30,"General",4
2297,8453,2025-08-30,"General",4
2451,6086,2025-08-30,"Financial Aid",2
2483,5984,2025-08-30,"Career",3
1014,6624,2025-08-31,"General",4
1040,8982,2025-08-31,"Career",2
1112,7345,2025-08-31,"General",4
1150,8512,2025-08-31,"General",5
1155,8615,2025-08-31,"General",5
1174,6247,2025-08-31,"International",1
1275,7959,2025-08-31,"General",3
1362,6850,2025-08-31,"General",1
1377,5397,2025-08-31,"General",5
1405,6371,2025-08-31,"General",4
1473,6369,2025-08-31,"Financial Aid",4
1584,7540,2025-08-31,"General",5
1840,8163,2025-08-31,"Financial Aid",2
2000,8277,2025-08-31,"Financial Aid",2
2138,5635,2025-08-31,"General",2
2167,8749,2025-08-31,"Career",1
2221,6216,2025-08-31,"General",3
2316,7806,2025-08-31,"International",2
2406,8522,2025-08-31,"General",1
2420,8632,2025-08-31,"Financial Aid",3
1025,5931,2025-09-01,"International",5
1031,5859,2025-09-01,"General",2
1102,5324,2025-09-01,"Career",2
1117,6077,2025-09-01,"General",5
1438,7674,2025-09-01,"Career",4
2119,5593,2025-09-01,"General",3
1773,7998,2025-09-02,"General",5
2001,7192,2025-09-02,"General",2
1818,8984,2025-09-03,"Career",3
2011,5485,2025-09-03,"General",3
1085,6800,2025-09-04,"General",3
1086,6514,2025-09-04,"General",1
1463,8500,2025-09-04,"General",1
1483,8397,2025-09-04,"Financial Aid",1
1578,5266,2025-09-04,"Career",3
1805,6660,2025-09-04,"General",1
1143,5473,2025-09-05,"General",2
2143,8162,2025-09-05,"Career",4
2186,7033,2025-09-05,"General",3
2369,6597,2025-09-05,"General",1
1385,7753,2025-09-06,"General",4
1582,8657,2025-09-06,"Financial Aid",3
1988,6481,2025-09-06,"Financial Aid",4
2117,8031,2025-09-06,"Financial Aid",5
2486,8595,2025-09-06,"International",4
1402,6248,2025-09-07,"Financial Aid",4
1819,5235,2025-09-07,"Career",1
1196,6121,2025-09-08,"Financial Aid",1
1775,7144,2025-09-08,"General",5
2018,5749,2025-09-08,"International",4
1111,5998,2025-09-09,"Career",4
1218,6570,2025-09-09,"Financial Aid",2
1508,8840,2025-09-09,"General",3
1703,5007,2025-09-09,"General",1
1708,8658,2025-09-09,"General",5
2381,8529,2025-09-09,"General",3
1260,6150,2025-09-10,"General",3
1325,6590,2025-09-10,"General",2
1381,6545,2025-09-10,"International",5
1333,6862,2025-09-11,"General",4
1348,8966,2025-09-11,"Financial Aid",5
1434,8336,2025-09-11,"General",5
1653,6708,2025-09-11,"Financial Aid",3
1976,5016,2025-09-11,"General",5
2100,8433,2025-09-11,"General",5
2454,8605,2025-09-11,"Financial Aid",3
1467,8145,2025-09-12,"International",1
1645,6467,2025-09-12,"General",2
2051,8374,2025-09-12,"General",1
1417,6796,2025-09-13,"Career",3
1910,6539,2025-09-13,"Career",5
2063,6056,2025-09-14,"Financial Aid",5
2283,6114,2025-09-14,"Career",3
2452,5794,2025-09-14,"General",3
1680,7426,2025-09-15,"Financial Aid",5
2145,8745,2025-09-15,"Financial Aid",3
1177,5293,2025-09-16,"General",1
2118,7592,2025-09-16,"International",4
2274,5280,2025-09-16,"Career",5
2496,8847,2025-09-16,"Career",4
1450,6084,2025-09-17,"General",2
1746,8684,2025-09-17,"General",1
1766,5162,2025-09-17,"International",5
1937,6777,2025-09-17,"Career",4
2412,5364,2025-09-17,"General",2
1201,6981,2025-09-18,"General",5
1353,6802,2025-09-18,"Financial Aid",3
2480,5191,2025-09-18,"General",2
1088,7780,2025-09-19,"General",3
1313,6230,2025-09-19,"International",4
1428,7434,2025-09-19,"General",3
1471,6859,2025-09-19,"General",4
1529,6562,2025-09-19,"General",2
1571,6340,2025-09-19,"Career",5
2391,8692,2025-09-19,"General",5
2450,7454,2025-09-19,"General",5
2500,7889,2025-09-19,"General",1
1009,6151,2025-09-20,"International",4
1881,5353,2025-09-20,"Financial Aid",5
2193,5859,2025-09-20,"Career",1
1338,6109,2025-09-21,"Financial Aid",4
1468,7351,2025-09-21,"Financial Aid",3
1759,5272,2025-09-21,"General",2
2301,8738,2025-09-21,"General",5
1264,7316,2025-09-22,"Financial Aid",2
1285,5750,2025-09-22,"General",3
1384,7084,2025-09-22,"General",5
1647,6489,2025-09-22,"International",1
1845,8036,2025-09-22,"International",5
1874,5510,2025-09-22,"General",4
2265,8334,2025-09-22,"General",2
2348,7795,2025-09-22,"General",2
1048,8692,2025-09-23,"General",5
1293,5463,2025-09-23,"International",2
2037,6111,2025-09-23,"General",2
1012,8910,2025-09-24,"Career",4
1198,5347,2025-09-24,"General",2
1787,6282,2025-09-24,"General",5
1815,7837,2025-09-24,"Career",2
1886,8617,2025-09-24,"Financial Aid",1
2045,7518,2025-09-24,"Financial Aid",2
2111,5889,2025-09-24,"Financial Aid",3
2444,8584,2025-09-24,"Career",2
1183,5545,2025-09-25,"Career",4
1295,5983,2025-09-25,"Career",1
1627,6778,2025-09-25,"Financial Aid",1
2332,5650,2025-09-25,"General",4
2344,5167,2025-09-25,"General",1
1345,7597,2025-09-26,"International",3
1355,7779,2025-09-26,"International",2
1488,7150,2025-09-26,"Career",3
2073,5013,2025-09-26,"General",2
2152,5804,2025-09-26,"Financial Aid",3
1597,6534,2025-09-27,"General",2
1733,6647,2025-09-27,"Financial Aid",3
1785,6449,2025-09-27,"International",1
2231,5291,2025-09-27,"International",2
2307,8783,2025-09-27,"General",3
2441,6164,2025-09-27,"General",5
1175,7821,2025-09-28,"General",2
1376,7438,2025-09-28,"International",1
1853,8681,2025-09-28,"Career",5
2088,7137,2025-09-28,"Career",1
2397,8768,2025-09-28,"Career",2
2470,5449,2025-09-28,"General",5
1482,7706,2025-09-30,"General",1
1736,5565,2025-09-30,"General",3
2022,5038,2025-09-30,"General",2
1018,7457,2025-10-01,"General",4
1136,6536,2025-10-01,"General",3
1324,7321,2025-10-01,"Career",4
1441,5619,2025-10-01,"Financial Aid",2
1605,6247,2025-10-01,"General",1
1792,7990,2025-10-01,"General",3
2030,6498,2025-10-01,"General",2
2049,7271,2025-10-01,"Career",2
2201,6554,2025-10-01,"International",2
2220,7724,2025-10-01,"Financial Aid",2
2367,5688,2025-10-01,"Career",3
2474,8394,2025-10-01,"Financial Aid",5
2497,5738,2025-10-01,"General",1
1005,6251,2025-10-02,"Career",5
1098,5081,2025-10-02,"International",2
1114,5090,2025-10-02,"International",5
1311,8492,2025-10-02,"Career",1
1319,6933,2025-10-02,"General",3
1424,8613,2025-10-02,"General",2
1457,6234,2025-10-02,"General",2
1518,7884,2025-10-02,"General",4
1846,6689,2025-10-02,"General",3
1847,5056,2025-10-02,"Career",2
1857,7474,2025-10-02,"Career",2
1873,6002,2025-10-02,"General",1
1887,5983,2025-10-02,"Financial Aid",5
2076,6097,2025-10-02,"Career",1
2098,6350,2025-10-02,"General",2
2110,5431,2025-10-02,"Career",5
2146,8760,2025-10-02,"Career",3
2169,8759,2025-10-02,"General",1
2260,5609,2025-10-02,"International",4
2362,5254,2025-10-02,"Financial Aid",5
2461,7707,2025-10-02,"Career",1
2463,6258,2025-10-02,"General",1
2471,7228,2025-10-02,"General",1
1026,5996,2025-10-03,"General",4
1029,6540,2025-10-03,"General",2
1055,8031,2025-10-03,"International",5
1064,6395,2025-10-03,"Career",3
1078,6251,2025-10-03,"Financial Aid",2
1126,8016,2025-10-03,"General",2
1153,6906,2025-10-03,"General",4
1312,8626,2025-10-03,"General",4
1552,7265,2025-10-03,"Career",3
1554,8273,2025-10-03,"Financial Aid",2
1631,6236,2025-10-03,"General",2
1686,6184,2025-10-03,"Financial Aid",1
1743,6226,2025-10-03,"General",4
1770,5519,2025-10-03,"International",4
1802,5179,2025-10-03,"International",1
1824,7568,2025-10-03,"General",3
2054,6626,2025-10-03,"General",1
2491,8114,2025-10-03,"General",1
1003,6176,2025-10-04,"General",5
1019,8953,2025-10-04,"General",3
1257,5001,2025-10-04,"General",3
1349,5918,2025-10-04,"General",3
1451,6043,2025-10-04,"International",4
1453,8425,2025-10-04,"General",4
1469,7977,2025-10-04,"General",4
1492,8464,2025-10-04,"International",3
1784,7116,2025-10-04,"Financial Aid",4
1922,5453,2025-10-04,"General",4
2248,5695,2025-10-04,"General",3
2449,5036,2025-10-04,"Financial Aid",4
1119,7335,2025-10-05,"General",1
1166,7416,2025-10-05,"International",2
1331,7766,2025-10-05,"Financial Aid",4
1354,6938,2025-10-05,"General",2
1418,5158,2025-10-05,"Financial Aid",3
1431,8036,2025-10-05,"International",3
1454,5982,2025-10-05,"General",5
1574,8212,2025-10-05,"General",3
1599,6615,2025-10-05,"General",1
1718,6745,2025-10-05,"General",3
1747,7785,2025-10-05,"General",2
1906,8170,2025-10-05,"Career",1
2031,5391,2025-10-05,"General",3
2174,5292,2025-10-05,"General",2
2249,6764,2025-10-05,"International",5
2335,8644,2025-10-05,"Career",1
2359,6757,2025-10-05,"Financial Aid",5
2488,7014,2025-10-05,"Financial Aid",5
1210,6720,2025-10-06,"General",3
1258,5670,2025-10-06,"General",4
1465,7226,2025-10-06,"Financial Aid",3
1513,5186,2025-10-06,"Financial Aid",3
1565,6752,2025-10-06,"Financial Aid",4
1616,7217,2025-10-06,"General",1
1655,7177,2025-10-06,"Financial Aid",2
1724,7311,2025-10-06,"Career",5
2027,6877,2025-10-06,"General",4
2056,7194,2025-10-06,"General",1
2157,5229,2025-10-06,"Career",4
2166,6761,2025-10-06,"Career",5
2175,7768,2025-10-06,"Career",5
2246,8410,2025-10-06,"General",2
2257,5083,2025-10-06,"Career",3
2360,5691,2025-10-06,"General",1
1105,7998,2025-10-07,"General",3
1215,8440,2025-10-07,"Financial Aid",4
1328,7217,2025-10-07,"General",1
1408,6827,2025-10-07,"Career",3
1415,5646,2025-10-07,"Career",2
1570,8094,2025-10-07,"General",5
1665,5236,2025-10-07,"Career",1
1672,8015,2025-10-07,"International",5
1742,8590,2025-10-07,"Financial Aid",1
1745,5588,2025-10-07,"Financial Aid",1
1768,5473,2025-10-07,"Career",4
2130,6266,2025-10-07,"General",3
2173,5200,2025-10-07,"Career",4
2341,5436,2025-10-07,"Career",1
2363,5676,2025-10-07,"International",5
2372,7073,2025-10-07,"Career",5
2424,8689,2025-10-07,"General",1
1066,5373,2025-10-08,"Financial Aid",1
1089,5015,2025-10-08,"General",5
1144,7858,2025-10-08,"Financial Aid",3
1162,5942,2025-10-08,"General",5
1255,9000,2025-10-08,"General",5
1416,6899,2025-10-08,"General",2
1421,7982,2025-10-08,"General",2
1507,6045,2025-10-08,"General",2
1559,6077,2025-10-08,"General",3
1579,6388,2025-10-08,"General",3
1791,7225,2025-10-08,"General",2
1879,6700,2025-10-08,"Career",2
1944,6024,2025-10-08,"General",3
1963,6265,2025-10-08,"General",3
2023,6504,2025-10-08,"Financial Aid",4
2055,5556,2025-10-08,"General",4
2062,6713,2025-10-08,"Financial Aid",5
2140,8585,2025-10-08,"Financial Aid",3
2149,8394,2025-10-08,"International",1
2168,7529,2025-10-08,"General",5
2317,7528,2025-10-08,"Financial Aid",1
2329,8979,2025-10-08,"Financial Aid",5
2434,6360,2025-10-08,"General",3
2437,6672,2025-10-08,"General",4
2475,5311,2025-10-08,"General",4
1243,6424,2025-10-09,"International",2
1296,5224,2025-10-09,"Financial Aid",5
1534,7750,2025-10-09,"General",1
1660,5546,2025-10-09,"General",2
1755,7459,2025-10-09,"Financial Aid",5
1767,7707,2025-10-09,"Financial Aid",4
1916,8859,2025-10-09,"Financial Aid",3
2072,5678,2025-10-09,"International",1
2181,8138,2025-10-09,"General",2
2196,8222,2025-10-09,"General",2
2228,7665,2025-10-09,"General",2
2272,6885,2025-10-09,"Career",1
2318,7395,2025-10-09,"General",2
2433,8748,2025-10-09,"Career",2
2445,8621,2025-10-09,"Career",2
2466,6677,2025-10-09,"International",2
1069,6014,2025-10-10,"Financial Aid",1
1237,6565,2025-10-10,"Financial Aid",3
1290,6336,2025-10-10,"Financial Aid",5
1305,7003,2025-10-10,"General",4
1374,8441,2025-10-10,"Career",1
1414,7812,2025-10-10,"General",2
1466,7034,2025-10-10,"General",5
1600,8947,2025-10-10,"General",5
1619,8479,2025-10-10,"General",1
1700,8766,2025-10-10,"Career",5
1921,5663,2025-10-10,"General",3
1928,8281,2025-10-10,"Career",2
2147,8967,2025-10-10,"Career",1
2209,5914,2025-10-10,"General",2
2328,5389,2025-10-10,"General",4
2382,6154,2025-10-10,"General",2
2385,6236,2025-10-10,"Career",5
1082,6692,2025-10-11,"Career",1
1250,7608,2025-10-11,"International",3
1336,7653,2025-10-11,"General",5
1515,7981,2025-10-11,"General",4
1535,7449,2025-10-11,"International",3
1576,5869,2025-10-11,"Career",4
1955,8554,2025-10-11,"International",1
2070,8127,2025-10-11,"Financial Aid",2
2165,5610,2025-10-11,"General",2
2304,5895,2025-10-11,"Financial Aid",5
2315,8711,2025-10-11,"Career",2
2469,5713,2025-10-11,"General",3
1127,7424,2025-10-12,"General",3
1299,7218,2025-10-12,"Financial Aid",5
1335,8098,2025-10-12,"General",2
1443,7120,2025-10-12,"Career",3
1489,5754,2025-10-12,"General",1
1669,5502,2025-10-12,"General",3
1729,6852,2025-10-12,"International",5
1804,8154,2025-10-12,"Financial Aid",2
1867,6918,2025-10-12,"Financial Aid",3
1982,8159,2025-10-12,"Career",3
2079,8657,2025-10-12,"General",2
2172,8165,2025-10-12,"General",3
2334,5319,2025-10-12,"General",2
1011,7071,2025-10-13,"Career",5
1013,5355,2025-10-13,"General",5
1039,5298,2025-10-13,"Financial Aid",4
1081,6352,2025-10-13,"Financial Aid",2
1273,6847,2025-10-13,"General",1
1301,8733,2025-10-13,"General",4
1477,6389,2025-10-13,"Career",3
1481,7155,2025-10-13,"Financial Aid",4
1521,6427,2025-10-13,"General",2
1572,6362,2025-10-13,"General",4
1688,5270,2025-10-13,"International",1
1721,8065,2025-10-13,"Career",5
1748,7190,2025-10-13,"International",2
1769,5984,2025-10-13,"General",3
1809,8665,2025-10-13,"General",3
1816,5899,2025-10-13,"General",2
1844,8738,2025-10-13,"General",5
1862,7586,2025-10-13,"General",1
1880,5756,2025-10-13,"Career",2
1904,7105,2025-10-13,"Financial Aid",5
1915,7757,2025-10-13,"International",3
2404,5248,2025-10-13,"International",2
1022,8368,2025-10-14,"Financial Aid",3
1167,7559,2025-10-14,"General",4
1194,7871,2025-10-14,"General",4
1670,7661,2025-10-14,"Career",3
1676,8030,2025-10-14,"General",2
1726,6137,2025-10-14,"Financial Aid",2
1763,5417,2025-10-14,"General",4
1825,5830,2025-10-14,"International",3
1877,7205,2025-10-14,"General",2
1927,7490,2025-10-14,"Financial Aid",5
1932,8434,2025-10-14,"Financial Aid",4
1993,8608,2025-10-14,"General",3
2006,8151,2025-10-14,"General",3
2052,7451,2025-10-14,"General",1
2074,6084,2025-10-14,"General",1
2114,6552,2025-10-14,"Career",5
2405,8567,2025-10-14,"General",4
2432,7675,2025-10-14,"Career",2
2457,5621,2025-10-14,"Financial Aid",1
1065,6026,2025-10-15,"General",1
1172,6953,2025-10-15,"Career",4
1185,5470,2025-10-15,"General",4
1310,6708,2025-10-15,"Financial Aid",1
1392,6487,2025-10-15,"Career",1
1519,7729,2025-10-15,"General",5
1547,6498,2025-10-15,"Career",4
1562,6249,2025-10-15,"General",3
1566,7971,2025-10-15,"General",1
1615,8372,2025-10-15,"General",2
1624,7988,2025-10-15,"General",2
1674,5094,2025-10-15,"International",4
1697,7402,2025-10-15,"General",4
1920,5414,2025-10-15,"General",5
2015,5683,2025-10-15,"General",5
2182,8569,2025-10-15,"General",3
2191,6076,2025-10-15,"General",2
2252,5402,2025-10-15,"International",2
2302,5585,2025-10-15,"International",5
2395,7573,2025-10-15,"General",3
1186,7235,2025-10-16,"Career",2
1397,7981,2025-10-16,"General",1
1427,7587,2025-10-16,"General",1
1470,5953,2025-10-16,"Career",3
1514,7100,2025-10-16,"International",2
1654,7445,2025-10-16,"Financial Aid",4
1738,8489,2025-10-16,"Career",5
1823,5294,2025-10-16,"Financial Aid",1
1870,8828,2025-10-16,"General",2
1900,8655,2025-10-16,"International",4
1902,5942,2025-10-16,"Financial Aid",1
2029,7332,2025-10-16,"General",2
2091,7340,2025-10-16,"International",1
2217,6318,2025-10-16,"General",5
2218,8771,2025-10-16,"Career",5
2300,5184,2025-10-16,"International",1
1017,8603,2025-10-17,"General",1
1050,7244,2025-10-17,"General",4
1096,8701,2025-10-17,"General",5
1315,6953,2025-10-17,"General",1
1586,8408,2025-10-17,"Financial Aid",4
1892,8997,2025-10-17,"General",3
2039,5130,2025-10-17,"International",1
2048,7480,2025-10-17,"General",1
2178,8427,2025-10-17,"Career",5
2331,8744,2025-10-17,"General",4
2409,8005,2025-10-17,"Financial Aid",2
1122,7107,2025-10-18,"Financial Aid",1
1241,6610,2025-10-18,"General",3
1327,7809,2025-10-18,"General",3
1350,8929,2025-10-18,"Career",3
1439,8665,2025-10-18,"Financial Aid",3
1568,8824,2025-10-18,"General",3
1573,7825,2025-10-18,"General",1
1663,8215,2025-10-18,"International",3
1806,7553,2025-10-18,"Career",4
1926,7314,2025-10-18,"International",1
2107,5188,2025-10-18,"International",3
2206,6908,2025-10-18,"General",5
2219,8238,2025-10-18,"Financial Aid",5
2250,7050,2025-10-18,"General",3
2325,5800,2025-10-18,"International",2
2356,6578,2025-10-18,"General",4
2418,6080,2025-10-18,"International",5
1002,7368,2025-10-19,"General",1
1133,5583,2025-10-19,"General",3
1269,5443,2025-10-19,"General",3
1323,5155,2025-10-19,"International",4
1567,5526,2025-10-19,"Career",3
1637,6120,2025-10-19,"Career",5
1658,6279,2025-10-19,"General",1
1727,7313,2025-10-19,"Career",4
1859,5393,2025-10-19,"Career",3
1860,7911,2025-10-19,"International",4
1868,5755,2025-10-19,"Financial Aid",5
1888,5636,2025-10-19,"General",3
1951,8022,2025-10-19,"General",5
1971,8162,2025-10-19,"General",4
2007,7911,2025-10-19,"General",2
2047,5748,2025-10-19,"Career",4
2050,7126,2025-10-19,"General",2
2243,5921,2025-10-19,"Financial Aid",2
2244,7616,2025-10-19,"General",4
2285,5466,2025-10-19,"General",5
1169,8440,2025-10-20,"General",4
1367,6899,2025-10-20,"General",2
1401,5714,2025-10-20,"Career",4
1524,5227,2025-10-20,"Financial Aid",4
1555,5109,2025-10-20,"General",3
1713,6364,2025-10-20,"General",2
2020,6187,2025-10-20,"Career",1
2028,7435,2025-10-20,"General",3
2241,8639,2025-10-20,"General",4
2255,6656,2025-10-20,"Financial Aid",1
2456,8085,2025-10-20,"General",4
2494,6351,2025-10-20,"Career",3
2495,6064,2025-10-20,"General",1
1044,6315,2025-10-21,"General",5
1188,5267,2025-10-21,"Financial Aid",4
1300,5488,2025-10-21,"General",3
1528,6928,2025-10-21,"International",4
1606,8220,2025-10-21,"General",2
1612,6670,2025-10-21,"Financial Aid",4
1652,8175,2025-10-21,"General",4
1778,6364,2025-10-21,"General",4
1814,6441,2025-10-21,"Career",1
1981,7123,2025-10-21,"Career",4
1989,8183,2025-10-21,"General",5
1999,8054,2025-10-21,"Financial Aid",1
2210,6013,2025-10-21,"Financial Aid",3
2239,5570,2025-10-21,"Career",5
2298,6372,2025-10-21,"Financial Aid",4
1090,6380,2025-10-22,"International",2
1195,5663,2025-10-22,"Financial Aid",1
1236,5538,2025-10-22,"General",4
1251,5572,2025-10-22,"General",2
1309,6849,2025-10-22,"Career",2
1564,6133,2025-10-22,"General",4
1740,6664,2025-10-22,"Financial Aid",1
1741,5460,2025-10-22,"General",5
1885,7731,2025-10-22,"Career",5
2139,7640,2025-10-22,"Financial Aid",4
2330,6746,2025-10-22,"Financial Aid",5
2377,7842,2025-10-22,"Financial Aid",2
2484,7606,2025-10-22,"General",2
1068,7817,2025-10-23,"General",3
1184,7473,2025-10-23,"General",4
1190,8481,2025-10-23,"Career",4
1217,7820,2025-10-23,"Career",4
1280,6768,2025-10-23,"General",5
1284,5180,2025-10-23,"International",4
1403,8450,2025-10-23,"General",5
1523,7134,2025-10-23,"Financial Aid",1
1677,6279,2025-10-23,"Financial Aid",4
1701,8191,2025-10-23,"Career",5
1852,8084,2025-10-23,"General",5
2014,7615,2025-10-23,"Career",1
2288,6398,2025-10-23,"Financial Aid",3
2446,6234,2025-10-23,"Financial Aid",2
1023,5600,2025-10-24,"General",1
1046,5981,2025-10-24,"Financial Aid",2
1063,5129,2025-10-24,"Career",4
1204,5635,2025-10-24,"Financial Aid",2
1277,8014,2025-10-24,"General",5
1371,6128,2025-10-24,"Career",1
1386,7210,2025-10-24,"General",3
1632,6332,2025-10-24,"Career",4
1692,5490,2025-10-24,"General",1
1723,5751,2025-10-24,"Financial Aid",1
1875,6311,2025-10-24,"Financial Aid",3
1918,5648,2025-10-24,"Financial Aid",4
1923,7027,2025-10-24,"General",2
1940,6701,2025-10-24,"General",3
1991,8177,2025-10-24,"Career",5
2204,6267,2025-10-24,"Financial Aid",5
2207,6801,2025-10-24,"General",2
2415,5411,2025-10-24,"General",4
1038,8229,2025-10-25,"Financial Aid",2
1060,5625,2025-10-25,"General",1
1073,7087,2025-10-25,"General",5
1211,5795,2025-10-25,"General",3
1278,8326,2025-10-25,"Career",3
1279,6224,2025-10-25,"Financial Aid",4
1997,5291,2025-10-25,"International",5
2121,8581,2025-10-25,"Career",2
2200,6143,2025-10-25,"General",1
2303,5979,2025-10-25,"General",1
2336,7138,2025-10-25,"Career",5
2358,5928,2025-10-25,"Financial Aid",2
2364,8498,2025-10-25,"Financial Aid",1
1053,7551,2025-10-26,"International",5
1124,7896,2025-10-26,"General",4
1128,6876,2025-10-26,"Career",2
1192,8264,2025-10-26,"Career",5
1413,7731,2025-10-26,"Financial Aid",2
1420,5977,2025-10-26,"International",5
1538,6959,2025-10-26,"General",1
1539,5766,2025-10-26,"General",2
1563,5591,2025-10-26,"International",2
1841,6360,2025-10-26,"Financial Aid",4
1948,5913,2025-10-26,"Career",1
1998,6799,2025-10-26,"International",1
2034,5523,2025-10-26,"Financial Aid",5
2092,7361,2025-10-26,"General",3
2216,5117,2025-10-26,"Career",5
2419,5499,2025-10-26,"General",4
1059,7969,2025-10-27,"Career",4
1120,5719,2025-10-27,"General",3
1212,7677,2025-10-27,"Financial Aid",5
1268,6586,2025-10-27,"General",2
1276,6033,2025-10-27,"Financial Aid",3
1500,7793,2025-10-27,"General",1
1526,6592,2025-10-27,"International",1
1543,6989,2025-10-27,"International",4
1588,8975,2025-10-27,"Career",4
1897,7910,2025-10-27,"General",3
1903,8544,2025-10-27,"Financial Aid",2
2021,8362,2025-10-27,"General",1
2141,6742,2025-10-27,"General",2
2144,7343,2025-10-27,"Career",2
2275,7121,2025-10-27,"Career",3
2314,8585,2025-10-27,"General",1
2361,5100,2025-10-27,"Financial Aid",1
2467,7999,2025-10-27,"General",2
1240,7259,2025-10-28,"Career",5
1383,6624,2025-10-28,"Career",2
1485,5600,2025-10-28,"General",4
1530,6197,2025-10-28,"Financial Aid",4
1646,6708,2025-10-28,"Financial Aid",2
1719,8174,2025-10-28,"General",5
1969,8582,2025-10-28,"General",3
2080,7964,2025-10-28,"Career",5
2212,6878,2025-10-28,"General",2
2287,8033,2025-10-28,"International",2
2306,5015,2025-10-28,"General",4
1016,7669,2025-10-29,"Career",3
1208,8994,2025-10-29,"General",2
1235,5336,2025-10-29,"Career",2
1238,8251,2025-10-29,"General",1
1254,8984,2025-10-29,"Financial Aid",2
1286,6307,2025-10-29,"International",4
1298,6125,2025-10-29,"International",5
1332,7236,2025-10-29,"Financial Aid",1
1337,7692,2025-10-29,"Financial Aid",4
1436,6161,2025-10-29,"General",3
1476,9000,2025-10-29,"General",1
1527,6683,2025-10-29,"General",4
1537,5480,2025-10-29,"General",5
1610,7388,2025-10-29,"General",4
1683,5330,2025-10-29,"International",3
1685,6942,2025-10-29,"Career",4
1728,8278,2025-10-29,"Career",5
1739,6511,2025-10-29,"General",1
1753,5345,2025-10-29,"General",2
1774,6389,2025-10-29,"Career",1
1808,7030,2025-10-29,"General",3
1925,5496,2025-10-29,"General",5
2004,7800,2025-10-29,"Financial Aid",5
2019,5578,2025-10-29,"General",1
2060,7152,2025-10-29,"General",5
2299,7218,2025-10-29,"General",2
2421,6457,2025-10-29,"International",3
2429,5140,2025-10-29,"General",4
2458,6077,2025-10-29,"Career",2
1189,5639,2025-10-30,"General",1
1506,7507,2025-10-30,"General",1
1583,8194,2025-10-30,"Career",1
1593,7650,2025-10-30,"Financial Aid",1
1629,8494,2025-10-30,"General",2
1693,5137,2025-10-30,"Career",3
1938,5224,2025-10-30,"General",1
2226,6969,2025-10-30,"Financial Aid",3
2245,7555,2025-10-30,"Career",3
2268,6061,2025-10-30,"General",1
2286,6350,2025-10-30,"General",5
2310,8222,2025-10-30,"General",3
2351,6312,2025-10-30,"Financial Aid",1
2373,6885,2025-10-30,"General",5
2393,8815,2025-10-30,"General",4
1052,7273,2025-10-31,"General",1
1152,5024,2025-10-31,"Career",2
1223,8168,2025-10-31,"General",3
1596,5280,2025-10-31,"Financial Aid",5
1788,7425,2025-10-31,"Career",3
1812,5937,2025-10-31,"General",4
1866,8661,2025-10-31,"General",3
1962,5062,2025-10-31,"Financial Aid",3
1974,5486,2025-10-31,"Financial Aid",1
2016,6718,2025-10-31,"International",1
2024,5699,2025-10-31,"General",2
2225,8553,2025-10-31,"Career",3
2388,7570,2025-10-31,"General",2
2485,6938,2025-10-31,"General",4
1233,8577,2025-11-01,"Career",4
1292,8032,2025-11-01,"General",5
1360,5984,2025-11-01,"International",1
1861,8181,2025-11-01,"Financial Aid",1
2435,7680,2025-11-01,"General",3
2499,7569,2025-11-01,"General",1
2068,5098,2025-11-02,"General",1
2197,6847,2025-11-02,"International",1
2289,6039,2025-11-02,"General",4
2294,7767,2025-11-02,"General",1
1382,8192,2025-11-03,"General",1
1890,5815,2025-11-03,"General",5
1442,7249,2025-11-04,"General",5
1452,5681,2025-11-04,"Financial Aid",2
1956,6990,2025-11-04,"Financial Aid",4
2002,7745,2025-11-04,"General",2
2327,7156,2025-11-04,"Financial Aid",4
1493,6207,2025-11-05,"General",4
1690,5827,2025-11-05,"General",2
1160,7309,2025-11-06,"International",3
1533,5606,2025-11-06,"Financial Aid",3
1765,5221,2025-11-06,"General",1
1863,5352,2025-11-06,"Career",3
1954,5009,2025-11-07,"General",5
2224,8178,2025-11-07,"General",3
1159,5622,2025-11-08,"General",3
1365,7746,2025-11-08,"International",5
1695,8294,2025-11-08,"General",2
1945,6885,2025-11-08,"Career",5
2232,7108,2025-11-08,"General",5
2338,8279,2025-11-08,"Financial Aid",5
1180,8923,2025-11-09,"International",4
2199,5443,2025-11-09,"General",5
1015,5164,2025-11-10,"Financial Aid",4
1256,5539,2025-11-10,"International",2
1389,7093,2025-11-10,"General",2
2277,5922,2025-11-10,"International",4
2340,8122,2025-11-10,"General",3
1378,7315,2025-11-11,"Career",4
2058,7965,2025-11-11,"General",3
2447,6132,2025-11-11,"Career",4
1220,5525,2025-11-12,"General",5
1642,5937,2025-11-12,"General",4
2122,5068,2025-11-12,"Career",4
2127,7336,2025-11-12,"General",4
1140,8016,2025-11-13,"Career",5
1314,6108,2025-11-13,"General",1
1750,7445,2025-11-13,"General",5
2230,5564,2025-11-13,"Financial Aid",4
2321,7793,2025-11-13,"Financial Aid",1
2375,7431,2025-11-13,"General",1
2477,8483,2025-11-13,"Career",5
1288,5462,2025-11-14,"International",5
1321,5048,2025-11-14,"General",1
1601,7575,2025-11-14,"General",2
1789,7065,2025-11-14,"Career",5
1833,7913,2025-11-14,"General",3
2013,8725,2025-11-14,"Financial Aid",2
2440,6426,2025-11-14,"Financial Aid",2
1157,8309,2025-11-15,"Financial Aid",5
1283,7897,2025-11-15,"Career",5
1656,7021,2025-11-15,"International",5
1973,8802,2025-11-15,"International",4
2459,7099,2025-11-15,"Financial Aid",4
1145,6577,2025-11-16,"International",5
1326,8297,2025-11-16,"General",1
1440,6432,2025-11-16,"Career",2
1609,6545,2025-11-16,"General",1
1614,5924,2025-11-16,"General",1
1682,6017,2025-11-16,"General",5
2267,7998,2025-11-16,"General",3
2490,8025,2025-11-16,"General",3
1080,8049,2025-11-17,"General",4
1103,6645,2025-11-17,"Financial Aid",1
1364,5541,2025-11-17,"International",5
1380,7866,2025-11-17,"General",1
1611,8049,2025-11-17,"International",5
1930,8730,2025-11-18,"General",3
2453,5926,2025-11-18,"Career",1
2053,5994,2025-11-19,"General",1
2188,7250,2025-11-19,"General",5
2396,7628,2025-11-19,"General",3
1176,8285,2025-11-20,"Financial Aid",4
1191,7088,2025-11-20,"General",4
1717,7579,2025-11-20,"Financial Aid",3
2448,8858,2025-11-20,"General",4
1872,7587,2025-11-21,"Career",5
1975,7345,2025-11-21,"General",1
2264,8501,2025-11-21,"International",2
2476,7529,2025-11-21,"General",3
1202,8085,2025-11-22,"Career",5
1589,7147,2025-11-22,"Financial Aid",3
1849,6255,2025-11-22,"General",5
1242,5200,2025-11-23,"International",4
2124,6989,2025-11-23,"General",1
2333,6499,2025-11-23,"General",4
2368,7192,2025-11-23,"General",1
1322,8210,2025-11-24,"International",2
1479,7773,2025-11-24,"General",1
1517,6082,2025-11-24,"Financial Aid",1
2235,5261,2025-11-24,"Career",1
1369,8013,2025-11-25,"Financial Aid",2
1504,6929,2025-11-25,"General",5
1604,7871,2025-11-25,"Career",1
2281,6224,2025-11-25,"General",1
2313,8054,2025-11-25,"General",2
1246,7014,2025-11-26,"General",2
1822,5690,2025-11-26,"Financial Aid",4
1854,7550,2025-11-26,"General",3
1891,5529,2025-11-26,"General",1
1901,7994,2025-11-26,"Career",1
2040,7713,2025-11-26,"International",5
1229,8870,2025-11-27,"Career",4
1304,8893,2025-11-27,"International",2
1587,6390,2025-11-27,"General",4
1725,5274,2025-11-27,"General",4
1965,5034,2025-11-27,"International",5
2044,8482,2025-11-27,"General",2
2179,5485,2025-11-27,"General",3
1099,6943,2025-11-28,"General",4
1173,7909,2025-11-28,"Career",1
2160,5026,2025-11-28,"General",5
2213,8179,2025-11-28,"Career",4
2323,5636,2025-11-28,"General",2
1696,8035,2025-11-29,"Career",2
1821,8731,2025-11-29,"General",1
1933,6904,2025-11-29,"General",5
1943,6764,2025-11-29,"Career",1
1004,6097,2025-11-30,"General",1
1706,5104,2025-11-30,"Career",4
2187,6788,2025-11-30,"General",4
2379,6356,2025-11-30,"Financial Aid",4
2414,8113,2025-12-01,"International",1
2465,6153,2025-12-01,"General",2
1848,8796,2025-12-02,"General",3
2425,7471,2025-12-02,"Financial Aid",2
1130,5426,2025-12-03,"International",3
1329,5291,2025-12-03,"Financial Aid",4
2103,7179,2025-12-03,"General",4
2258,6246,2025-12-03,"Career",3
2346,8282,2025-12-03,"General",2
2403,5686,2025-12-03,"Financial Aid",5
1032,8943,2025-12-04,"Financial Aid",2
1079,7156,2025-12-04,"International",5
1444,8730,2025-12-04,"General",1
1509,8818,2025-12-04,"General",1
1649,7132,2025-12-04,"General",2
1850,5802,2025-12-04,"General",5
1935,7343,2025-12-04,"Financial Aid",1
2086,7823,2025-12-04,"Career",3
1303,7741,2025-12-05,"Financial Aid",2
1394,5375,2025-12-05,"Career",2
1458,8245,2025-12-05,"General",5
1699,8155,2025-12-05,"General",4
1702,5687,2025-12-05,"Financial Aid",1
1793,8463,2025-12-05,"Career",4
1957,6092,2025-12-05,"General",5
1077,5102,2025-12-06,"Career",4
1234,8039,2025-12-06,"International",5
1262,5770,2025-12-06,"General",5
1577,6792,2025-12-06,"Financial Aid",2
1662,6580,2025-12-06,"General",5
1772,5667,2025-12-06,"General",3
2280,7364,2025-12-06,"Career",5
1071,7745,2025-12-07,"Career",4
1123,6308,2025-12-07,"General",2
1464,6713,2025-12-07,"General",4
1783,5317,2025-12-07,"General",1
1272,8630,2025-12-08,"Financial Aid",4
1455,5528,2025-12-08,"International",5
1623,6642,2025-12-08,"General",1
2163,8317,2025-12-08,"Financial Aid",2
2443,6419,2025-12-08,"International",2
1317,8941,2025-12-09,"General",1
2153,7069,2025-12-09,"International",2
1125,6643,2025-12-10,"Financial Aid",4
1575,8645,2025-12-10,"Financial Aid",3
1749,8108,2025-12-10,"Career",5
1984,5157,2025-12-10,"General",2
2036,8720,2025-12-10,"General",1
2077,6535,2025-12-10,"General",2
1307,8637,2025-12-11,"Career",3
1412,7965,2025-12-11,"General",2
1510,6400,2025-12-11,"Financial Aid",1
1895,5560,2025-12-11,"Financial Aid",3
1228,6150,2025-12-12,"General",1
1776,6719,2025-12-12,"General",3
1869,5057,2025-12-12,"Financial Aid",1
2309,8172,2025-12-12,"Financial Aid",4
1042,7361,2025-12-13,"General",2
1267,5669,2025-12-13,"Career",1
1811,6815,2025-12-13,"Financial Aid",2
2123,8878,2025-12-13,"General",1
2422,7640,2025-12-13,"Career",1
1366,6492,2025-12-14,"General",2
1777,6581,2025-12-14,"General",4
1790,5241,2025-12-14,"Financial Aid",3
1968,8007,2025-12-14,"General",1
2084,7995,2025-12-14,"General",2
2233,7827,2025-12-14,"Career",5
1410,8935,2025-12-15,"Financial Aid",4
1541,5820,2025-12-15,"Career",1
1771,8347,2025-12-15,"International",5
2099,6463,2025-12-15,"Career",3
1035,5480,2025-12-16,"Financial Aid",3
1226,7229,2025-12-16,"General",2
1396,5279,2025-12-16,"Financial Aid",3
1878,7418,2025-12-16,"Financial Aid",2
1905,5677,2025-12-16,"Career",3
2106,8618,2025-12-16,"General",5
1373,7135,2025-12-17,"General",5
1625,6250,2025-12-17,"Career",1
1760,5945,2025-12-17,"General",5
1896,7771,2025-12-17,"Financial Aid",2
1536,7185,2025-12-18,"General",2
1751,7532,2025-12-18,"General",5
2097,8824,2025-12-18,"International",4
2195,5956,2025-12-18,"General",5
2101,6195,2025-12-19,"Financial Aid",5
2352,6431,2025-12-19,"Career",2
1083,5075,2025-12-20,"General",1
1391,5858,2025-12-20,"International",2
1657,6324,2025-12-20,"General",1
1730,8339,2025-12-20,"Financial Aid",2
1934,8568,2025-12-20,"Financial Aid",2
1958,7903,2025-12-20,"General",4
